Alternative,Subset,g1,g2,g3,g4,g5,Class
a1,WHI,0.27,0.045,170,1.001,8.8,Cl2
a2,WHI,0.3,0.049,132,0.994,9.5,Cl2
a3,WHI,0.28,0.05,97,0.9951,10.1,Cl2
a4,WHI,0.23,0.058,186,0.9956,9.9,Cl2
a5,WHI,0.23,0.058,186,0.9956,9.9,Cl2
a6,WHI,0.28,0.05,97,0.9951,10.1,Cl2
a7,WHI,0.32,0.045,136,0.9949,9.6,Cl2
a8,WHI,0.27,0.045,170,1.001,8.8,Cl2
a9,WHI,0.3,0.049,132,0.994,9.5,Cl2
a10,WHI,0.22,0.044,129,0.9938,11,Cl2
a11,WHI,0.27,0.033,63,0.9908,12,Cl1
a12,WHI,0.23,0.035,109,0.9947,9.7,Cl1
a13,WHI,0.18,0.04,75,0.992,10.8,Cl1
a14,WHI,0.16,0.044,143,0.9912,12.4,Cl2
a15,WHI,0.42,0.04,172,1.0002,9.7,Cl1
a16,WHI,0.17,0.032,112,0.9914,11.4,Cl2
a17,WHI,0.48,0.046,99,0.9928,9.6,Cl2
a18,WHI,0.66,0.029,75,0.9892,12.8,Cl3
a19,WHI,0.34,0.033,171,0.9917,11.3,Cl2
a20,WHI,0.31,0.044,133,0.9955,9.5,Cl1
a21,WHI,0.66,0.029,75,0.9892,12.8,Cl3
a22,WHI,0.31,0.038,102,0.9912,11,Cl2
a23,WHI,0.26,0.049,122,0.993,10.5,Cl3
a24,WHI,0.67,0.074,168,0.9937,9.3,Cl1
a25,WHI,0.27,0.052,142,0.9951,10,Cl2
a26,WHI,0.25,0.046,245,0.9955,10.4,Cl2
a27,WHI,0.24,0.052,146,0.993,10,Cl2
a28,WHI,0.28,0.051,141,0.9961,10.5,Cl2
a29,WHI,0.27,0.047,132,0.9914,11.6,Cl2
a30,WHI,0.32,0.033,114,0.9906,12.3,Cl2
a31,WHI,0.24,0.044,142,0.9974,10,Cl2
a32,WHI,0.14,0.042,47,0.9934,10.2,Cl2
a33,WHI,0.25,0.05,100,0.992,10.8,Cl2
a34,WHI,0.12,0.045,117,0.9939,9,Cl2
a35,WHI,0.27,0.044,179,0.9962,10.2,Cl1
a36,WHI,0.28,0.08,123,0.9905,12.8,Cl1
a37,WHI,0.39,0.051,149,0.9934,10,Cl1
a38,WHI,0.33,0.053,138,0.9906,11.2,Cl2
a39,WHI,0.24,0.057,149,0.9999,8.6,Cl1
a40,WHI,0.24,0.057,149,0.9999,8.6,Cl1
a41,WHI,0.23,0.172,158,0.9937,9.4,Cl2
a42,WHI,0.24,0.173,157,0.9937,9.4,Cl2
a43,WHI,0.31,0.069,160,0.9954,9.8,Cl2
a44,WHI,0.24,0.057,152,0.9934,9.5,Cl2
a45,WHI,0.23,0.06,154,0.9934,9.5,Cl2
a46,WHI,0.18,0.058,167,0.9931,10,Cl2
a47,WHI,0.45,0.063,206,0.994,9.8,Cl1
a48,WHI,0.46,0.066,207,0.9939,9.8,Cl1
a49,WHI,0.31,0.069,160,0.9954,9.8,Cl2
a50,WHI,0.19,0.067,150,0.995,9.8,Cl1
a51,WHI,0.19,0.062,173,0.9917,11.7,Cl2
a52,WHI,0.25,0.068,124,0.9914,11,Cl2
a53,WHI,0.16,0.057,82,0.991,10.9,Cl2
a54,WHI,0.18,0.045,108,0.9911,10.9,Cl2
a55,WHI,0.2,0.147,132,0.993,9.1,Cl2
a56,WHI,0.25,0.039,191,0.9908,11,Cl2
a57,WHI,0.21,0.043,213,0.9962,9.6,Cl2
a58,WHI,0.19,0.048,147,0.9972,8.9,Cl2
a59,WHI,0.38,0.044,78,0.9931,10.2,Cl2
a60,WHI,0.2,0.038,111,0.9926,9.9,Cl2
a61,WHI,0.22,0.092,123,0.9951,8.6,Cl2
a62,WHI,0.19,0.048,147,0.9972,8.9,Cl2
a63,WHI,0.47,0.035,151,0.991,10.5,Cl1
a64,WHI,0.38,0.044,78,0.9931,10.2,Cl2
a65,WHI,0.24,0.038,122,0.9927,10.3,Cl2
a66,WHI,0.35,0.064,120,0.9934,9.1,Cl1
a67,WHI,0.26,0.04,124,0.9903,12.6,Cl2
a68,WHI,0.25,0.041,174,0.992,9.8,Cl1
a69,WHI,0.23,0.046,96,0.9926,10.7,Cl3
a70,WHI,0.24,0.05,105,0.9962,9.5,Cl1
a71,WHI,0.27,0.056,244,0.9956,9,Cl2
a72,WHI,0.3,0.061,238.5,0.9958,9.5,Cl1
a73,WHI,0.27,0.063,201,0.9964,10,Cl1
a74,WHI,0.23,0.054,72,0.9941,9.1,Cl2
a75,WHI,0.23,0.046,96,0.9926,10.7,Cl3
a76,WHI,0.24,0.05,105,0.9962,9.5,Cl1
a77,WHI,0.18,0.043,87,0.9898,12.7,Cl2
a78,WHI,0.32,0.042,69,0.9912,12,Cl2
a79,WHI,0.18,0.064,103,0.9961,9.3,Cl1
a80,WHI,0.54,0.06,105,0.9949,9,Cl1
a81,WHI,0.22,0.053,114,0.9929,10.6,Cl2
a82,WHI,0.2,0.05,166,0.9985,9.2,Cl2
a83,WHI,0.34,0.063,164,0.9946,10,Cl1
a84,WHI,0.22,0.047,207,0.9966,9.5,Cl2
a85,WHI,0.43,0.045,155,0.9974,8.7,Cl1
a86,WHI,0.44,0.044,152,0.9975,8.7,Cl2
a87,WHI,0.39,0.044,156,0.9974,8.7,Cl2
a88,WHI,0.25,0.05,202,0.9972,9.7,Cl2
a89,WHI,0.43,0.045,155,0.9974,8.7,Cl1
a90,WHI,0.44,0.044,152,0.9975,8.7,Cl2
a91,WHI,0.39,0.044,156,0.9974,8.7,Cl2
a92,WHI,0.27,0.049,243,0.9957,9,Cl1
a93,WHI,0.24,0.035,136,0.99,12.6,Cl2
a94,WHI,0.21,0.034,136,0.9899,12.6,Cl2
a95,WHI,0.17,0.04,148,0.9916,11.5,Cl2
a96,WHI,0.26,0.044,240,0.9969,9.2,Cl2
a97,WHI,0.34,0.046,164,0.9979,8.8,Cl2
a98,WHI,0.265,0.034,80,0.9913,11.4,Cl2
a99,WHI,0.36,0.038,83,0.9956,10.1,Cl1
a100,WHI,0.34,0.046,164,0.9979,8.8,Cl2
a101,WHI,0.25,0.06,192,0.9975,9.1,Cl1
a102,WHI,0.12,0.054,162,0.9962,9.4,Cl1
a103,WHI,0.21,0.05,164,0.997,9.4,Cl1
a104,WHI,0.305,0.059,170,1,9,Cl1
a105,WHI,0.25,0.06,192,0.9975,9.1,Cl1
a106,WHI,0.13,0.051,109,0.9974,9.2,Cl2
a107,WHI,0.12,0.054,162,0.9962,9.4,Cl1
a108,WHI,0.23,0.04,171,0.999,9.1,Cl2
a109,WHI,0.23,0.04,171,0.999,9.1,Cl2
a110,WHI,0.33,0.051,187,0.9927,10.3,Cl1
a111,WHI,0.17,0.082,163,0.9959,8.8,Cl2
a112,WHI,0.27,0.052,255,1,8.9,Cl1
a113,WHI,0.31,0.056,195,0.9982,9.2,Cl1
a114,WHI,0.41,0.049,150,0.9968,9.1,Cl1
a115,WHI,0.41,0.049,150,0.9968,9.1,Cl1
a116,WHI,0.485,0.065,103,0.994,9.7,Cl1
a117,WHI,0.31,0.041,143,0.9914,11.3,Cl2
a118,WHI,0.14,0.035,85,0.9911,11.8,Cl2
a119,WHI,0.31,0.056,195,0.9982,9.2,Cl1
a120,WHI,0.32,0.06,196,0.9982,9.2,Cl1
a121,WHI,0.36,0.046,87,0.9934,10.2,Cl1
a122,WHI,0.24,0.054,138,0.9984,8.8,Cl1
a123,WHI,0.16,0.059,131,0.9952,9.7,Cl1
a124,WHI,0.19,0.058,146,0.9952,9.1,Cl2
a125,WHI,0.13,0.092,158,0.9928,9.8,Cl2
a126,WHI,0.19,0.026,143,0.9912,11,Cl2
a127,WHI,0.39,0.033,126,0.994,10.5,Cl1
a128,WHI,0.24,0.038,203,0.9958,9.7,Cl2
a129,WHI,0.3,0.044,179,0.9924,10.9,Cl2
a130,WHI,0.3,0.046,184,0.9924,10.9,Cl2
a131,WHI,0.26,0.02,57,0.994,10.6,Cl1
a132,WHI,0.24,0.038,203,0.9958,9.7,Cl2
a133,WHI,0.425,0.038,241,0.9979,9,Cl1
a134,WHI,0.24,0.035,188,0.9982,9.2,Cl1
a135,WHI,0.27,0.034,203,0.9961,8.9,Cl1
a136,WHI,0.27,0.036,179,0.9979,9.6,Cl1
a137,WHI,0.23,0.027,121,0.992,10.7,Cl2
a138,WHI,0.37,0.045,155,0.9975,8.7,Cl1
a139,WHI,0.19,0.035,96,0.9917,10.8,Cl2
a140,WHI,0.28,0.029,79,0.9923,11.8,Cl2
a141,WHI,0.31,0.045,77,0.9927,10.2,Cl1
a142,WHI,0.37,0.045,155,0.9975,8.7,Cl1
a143,WHI,0.21,0.039,107,0.992,10.8,Cl2
a144,WHI,0.21,0.036,99,0.9947,9.7,Cl2
a145,WHI,0.2,0.037,87,0.9921,11.2,Cl2
a146,WHI,0.255,0.04,114,0.9905,10.9,Cl2
a147,WHI,0.16,0.044,168,0.9918,10.1,Cl2
a148,WHI,0.595,0.058,97,0.9951,9,Cl1
a149,WHI,0.34,0.034,80,0.9917,12,Cl2
a150,WHI,0.25,0.054,116,0.994,9.4,Cl2
a151,WHI,0.22,0.043,152,0.9934,11.5,Cl2
a152,WHI,0.18,0.055,135,0.9968,9.9,Cl2
a153,WHI,0.25,0.054,116,0.994,9.4,Cl2
a154,WHI,0.18,0.048,97,0.9919,10.4,Cl1
a155,WHI,0.23,0.049,76,0.9966,9.7,Cl2
a156,WHI,0.24,0.066,198,0.9979,8.9,Cl2
a157,WHI,0.24,0.066,198,0.9979,8.9,Cl2
a158,WHI,0.32,0.036,124,0.9898,12.4,Cl2
a159,WHI,0.44,0.036,119,0.9894,12.1,Cl3
a160,WHI,0.44,0.036,119,0.9894,12.1,Cl3
a161,WHI,0.32,0.036,124,0.9898,12.4,Cl2
a162,WHI,0.22,0.055,159,0.998,9.1,Cl1
a163,WHI,0.36,0.049,85,0.9932,10.6,Cl1
a164,WHI,0.24,0.066,198,0.9979,8.9,Cl2
a165,WHI,0.24,0.05,205,0.997,9.5,Cl1
a166,WHI,0.23,0.051,177,0.9972,9.8,Cl1
a167,WHI,0.27,0.048,197,0.9974,9.6,Cl2
a168,WHI,0.46,0.034,98,0.9896,12.6,Cl2
a169,WHI,0.29,0.055,151,0.9968,9.3,Cl1
a170,WHI,0.42,0.034,110,0.9958,10,Cl1
a171,WHI,0.3,0.066,133,0.9906,12.7,Cl2
a172,WHI,0.19,0.045,96,0.9917,11,Cl2
a173,WHI,0.48,0.037,100,0.9902,11.4,Cl1
a174,WHI,0.22,0.038,130,0.9918,11.5,Cl2
a175,WHI,0.27,0.051,173,0.999,10.2,Cl1
a176,WHI,0.23,0.04,151,0.9927,11.4,Cl2
a177,WHI,0.32,0.044,65,0.991,12.6,Cl1
a178,WHI,0.23,0.054,170,0.9972,9.4,Cl1
a179,WHI,0.67,0.06,108,0.9931,8.7,Cl1
a180,WHI,0.25,0.049,176,0.995,9.2,Cl2
a181,WHI,0.33,0.048,173,0.9951,9.3,Cl2
a182,WHI,0.34,0.053,183,0.9936,9.2,Cl1
a183,WHI,0.28,0.048,167,1.001,8.7,Cl1
a184,WHI,0.27,0.05,227,0.9979,9.6,Cl2
a185,WHI,0.26,0.043,226,0.997,9.3,Cl1
a186,WHI,0.29,0.043,230,0.9972,9.3,Cl1
a187,WHI,0.24,0.04,166,0.9954,9.9,Cl2
a188,WHI,0.3,0.038,119,0.9924,11,Cl1
a189,WHI,0.53,0.034,109,0.9906,12.7,Cl3
a190,WHI,0.28,0.047,210,0.9962,8.9,Cl1
a191,WHI,0.28,0.052,211,0.9962,8.9,Cl2
a192,WHI,0.28,0.048,167,1.001,8.7,Cl1
a193,WHI,0.28,0.045,123,0.9928,11.4,Cl2
a194,WHI,0.15,0.055,125,0.9942,9.6,Cl1
a195,WHI,0.29,0.2,181,0.9942,9.1,Cl1
a196,WHI,0.3,0.197,180,0.9942,9.1,Cl2
a197,WHI,0.29,0.197,183,0.9942,9.1,Cl1
a198,WHI,0.26,0.052,214,0.9961,8.9,Cl1
a199,WHI,0.32,0.05,204,0.998,8.8,Cl1
a200,WHI,0.26,0.052,214,0.9961,8.9,Cl1
a201,WHI,0.27,0.049,196,0.9984,9.3,Cl1
a202,WHI,0.32,0.05,204,0.998,8.8,Cl1
a203,WHI,0.54,0.05,236,0.9973,9.6,Cl1
a204,WHI,0.26,0.034,134,0.9949,12,Cl2
a205,WHI,0.28,0.053,114,0.9924,10.2,Cl1
a206,WHI,0.21,0.042,153,0.9972,8.8,Cl1
a207,WHI,0.16,0.045,126,0.9958,9.2,Cl1
a208,WHI,0.44,0.049,124,0.9968,9.9,Cl1
a209,WHI,0.57,0.04,77,0.9938,10.2,Cl1
a210,WHI,0.4,0.048,170,0.993,9.5,Cl2
a211,WHI,0.245,0.032,68,0.994,10.5,Cl1
a212,WHI,0.18,0.038,111,0.9918,11.2,Cl2
a213,WHI,0.16,0.045,126,0.9958,9.2,Cl1
a214,WHI,0.13,0.051,122,0.9944,9.7,Cl2
a215,WHI,0.25,0.03,105,0.9912,11.1,Cl2
a216,WHI,0.26,0.044,152,0.9961,9.4,Cl1
a217,WHI,0.27,0.036,164,0.9939,11,Cl1
a218,WHI,0.26,0.044,152,0.9961,9.4,Cl1
a219,WHI,0.28,0.044,167,0.9989,9.4,Cl1
a220,WHI,0.23,0.036,161,0.9938,11,Cl1
a221,WHI,0.27,0.036,164,0.9939,11,Cl1
a222,WHI,0.685,0.07,172,0.9971,9.1,Cl2
a223,WHI,0.25,0.03,105,0.9912,11.1,Cl2
a224,WHI,0.19,0.043,144,0.9936,9.1,Cl2
a225,WHI,0.495,0.046,140,0.9929,10.4,Cl2
a226,WHI,0.24,0.046,145,0.9998,8.7,Cl1
a227,WHI,0.17,0.048,200,0.9938,9.7,Cl2
a228,WHI,0.25,0.041,272,0.9969,9.1,Cl2
a229,WHI,0.17,0.048,200,0.9938,9.7,Cl2
a230,WHI,0.24,0.046,145,0.9998,8.7,Cl1
a231,WHI,0.64,0.062,142,0.9972,8.9,Cl1
a232,WHI,0.28,0.041,194,0.9976,9.6,Cl2
a233,WHI,0.27,0.039,208,0.9976,9.5,Cl2
a234,WHI,0.23,0.058,194,0.9979,9,Cl2
a235,WHI,0.23,0.058,194,0.9979,9,Cl2
a236,WHI,0.23,0.058,194,0.9979,9,Cl2
a237,WHI,0.23,0.058,194,0.9979,9,Cl2
a238,WHI,0.52,0.044,221,0.9972,9.6,Cl2
a239,WHI,0.26,0.037,120,0.9918,11.1,Cl2
a240,WHI,0.25,0.039,159,0.9982,9.6,Cl2
a241,WHI,0.32,0.05,197,0.9985,8.7,Cl1
a242,WHI,0.31,0.031,90,0.9944,10.4,Cl1
a243,WHI,0.21,0.026,100,0.9903,11.4,Cl2
a244,WHI,0.24,0.047,218.5,0.9934,9.7,Cl2
a245,WHI,0.4,0.043,142,0.9975,8.7,Cl1
a246,WHI,0.18,0.038,249.5,0.9923,11.3,Cl2
a247,WHI,0.21,0.03,139,0.99,12.6,Cl2
a248,WHI,0.2,0.031,77,0.9905,10.9,Cl2
a249,WHI,0.19,0.03,76,0.9905,10.9,Cl2
a250,WHI,0.41,0.037,119,0.996,10,Cl1
a251,WHI,0.21,0.053,199,0.9964,10,Cl1
a252,WHI,0.26,0.074,197,0.998,9.8,Cl1
a253,WHI,0.4,0.043,142,0.9975,8.7,Cl1
a254,WHI,0.24,0.029,109,0.9913,11.7,Cl1
a255,WHI,0.24,0.054,158,0.9932,9.3,Cl2
a256,WHI,0.26,0.04,147,0.9935,9.6,Cl3
a257,WHI,0.35,0.035,97,0.9927,11,Cl2
a258,WHI,0.35,0.035,97,0.9927,11,Cl2
a259,WHI,0.23,0.032,118,0.9912,11.8,Cl2
a260,WHI,0.36,0.037,75,0.9904,11.4,Cl1
a261,WHI,0.115,0.048,108,0.9939,10.2,Cl2
a262,WHI,0.29,0.043,156,0.9996,8.9,Cl1
a263,WHI,0.28,0.036,95,0.9944,10.2,Cl1
a264,WHI,0.29,0.045,231,0.9977,9.6,Cl2
a265,WHI,0.24,0.038,167,0.9912,10.6,Cl2
a266,WHI,0.29,0.043,156,0.9996,8.9,Cl1
a267,WHI,0.32,0.053,180,0.9965,9.2,Cl2
a268,WHI,0.58,0.043,149,0.9944,9.7,Cl1
a269,WHI,0.585,0.044,145,0.9945,9.7,Cl2
a270,WHI,0.59,0.045,147,0.9944,9.7,Cl2
a271,WHI,0.32,0.053,180,0.9965,9.2,Cl2
a272,WHI,0.6,0.044,147,0.9944,9.7,Cl1
a273,WHI,0.25,0.051,148,0.9972,9.3,Cl1
a274,WHI,0.58,0.057,123,0.9949,9,Cl1
a275,WHI,0.29,0.046,234,0.9966,9.5,Cl1
a276,WHI,0.19,0.046,169,0.9954,9.8,Cl2
a277,WHI,0.2,0.044,166,0.9954,9.8,Cl2
a278,WHI,0.26,0.042,60,0.9915,10.6,Cl1
a279,WHI,0.32,0.044,67,0.9919,10.6,Cl1
a280,WHI,0.3,0.036,105,0.9916,12.4,Cl2
a281,WHI,0.24,0.034,112,0.99,12.6,Cl3
a282,WHI,0.31,0.039,114,0.9909,12.3,Cl3
a283,WHI,0.44,0.047,201,0.9938,10.5,Cl1
a284,WHI,0.34,0.054,196,0.9982,9.3,Cl1
a285,WHI,0.35,0.055,198,0.9988,8.8,Cl1
a286,WHI,0.32,0.056,180,0.9961,8.8,Cl1
a287,WHI,0.28,0.053,190,0.9978,9.7,Cl2
a288,WHI,0.23,0.058,192,0.9979,9,Cl2
a289,WHI,0.23,0.058,192,0.9979,9,Cl2
a290,WHI,0.23,0.058,192,0.9979,9,Cl2
a291,WHI,0.23,0.058,192,0.9979,9,Cl2
a292,WHI,0.15,0.041,155,0.9945,10.5,Cl2
a293,WHI,0.28,0.066,195,1,9.1,Cl1
a294,WHI,0.28,0.041,157,0.9957,9.8,Cl2
a295,WHI,0.59,0.066,182,0.9968,8.5,Cl1
a296,WHI,0.33,0.046,175,0.9934,9.4,Cl2
a297,WHI,0.39,0.045,169,0.9976,9.4,Cl1
a298,WHI,0.19,0.041,187,0.9932,11.2,Cl2
a299,WHI,0.17,0.046,146,0.997,10,Cl2
a300,WHI,0.17,0.043,122,0.9923,10.3,Cl2
a301,WHI,0.41,0.063,87,0.9914,10.8,Cl2
a302,WHI,0.2,0.05,74,0.992,10.5,Cl2
a303,WHI,0.41,0.063,87,0.9914,10.8,Cl2
a304,WHI,0.29,0.055,168,0.9914,11.1,Cl2
a305,WHI,0.41,0.057,163,0.9949,9.9,Cl2
a306,WHI,0.41,0.057,163,0.9949,9.9,Cl2
a307,WHI,0.43,0.058,163,0.995,9.9,Cl1
a308,WHI,0.4,0.058,166,0.995,9.9,Cl2
a309,WHI,0.33,0.036,134,0.9927,10.4,Cl2
a310,WHI,0.31,0.037,148,0.9928,10.4,Cl2
a311,WHI,0.36,0.035,100,0.9917,11.5,Cl2
a312,WHI,0.55,0.032,164,0.9918,12.5,Cl3
a313,WHI,0.25,0.042,149,0.9954,10,Cl2
a314,WHI,0.36,0.038,166,0.9941,10,Cl2
a315,WHI,0.34,0.04,167,0.9941,10,Cl1
a316,WHI,0.28,0.132,127,0.9934,9.1,Cl2
a317,WHI,0.25,0.031,134,0.9927,10.6,Cl2
a318,WHI,0.24,0.031,135,0.9938,10.5,Cl1
a319,WHI,0.3,0.03,133,0.9933,11.5,Cl2
a320,WHI,0.125,0.04,69,0.9934,10.1,Cl2
a321,WHI,0.1,0.041,65,0.9927,10.3,Cl2
a322,WHI,0.24,0.031,135,0.9938,10.5,Cl1
a323,WHI,0.25,0.031,134,0.9927,10.6,Cl2
a324,WHI,0.28,0.031,137,0.9946,10.4,Cl2
a325,WHI,0.41,0.046,207,0.993,11.4,Cl1
a326,WHI,0.27,0.057,313,0.9946,10.5,Cl1
a327,WHI,0.26,0.04,216,0.9976,10,Cl2
a328,WHI,0.34,0.039,143,0.9944,10,Cl2
a329,WHI,0.28,0.042,195,0.9978,9.6,Cl2
a330,WHI,0.21,0.036,85,0.992,10.4,Cl1
a331,WHI,0.32,0.03,101,0.9912,12.5,Cl3
a332,WHI,0.24,0.032,135,0.9927,10.6,Cl1
a333,WHI,0.23,0.033,91,0.9906,11.8,Cl2
a334,WHI,0.28,0.038,133,0.9954,9.8,Cl1
a335,WHI,0.26,0.031,80,0.9923,10.8,Cl1
a336,WHI,0.23,0.033,91,0.9906,11.8,Cl2
a337,WHI,0.23,0.036,105,0.991,11.2,Cl2
a338,WHI,0.27,0.045,170,0.9972,9.3,Cl2
a339,WHI,0.26,0.047,139,0.9945,10.4,Cl1
a340,WHI,0.18,0.049,141,0.9934,10.2,Cl2
a341,WHI,0.2,0.045,153,0.9964,9,Cl2
a342,WHI,0.24,0.047,129,0.9948,10,Cl2
a343,WHI,0.26,0.044,140,0.9962,9.1,Cl2
a344,WHI,0.31,0.053,144,0.9931,10,Cl1
a345,WHI,0.29,0.052,145,0.993,10,Cl2
a346,WHI,0.145,0.05,131,0.9942,9.6,Cl2
a347,WHI,0.34,0.031,68,0.9906,11.2,Cl2
a348,WHI,0.19,0.056,155,0.9995,8.8,Cl2
a349,WHI,0.18,0.052,118,0.998,10,Cl2
a350,WHI,0.17,0.054,137,0.997,10,Cl1
a351,WHI,0.12,0.044,146,0.9914,11.4,Cl2
a352,WHI,0.33,0.038,138,0.992,11.9,Cl2
a353,WHI,0.335,0.071,128,0.9924,9.6,Cl2
a354,WHI,0.33,0.038,138,0.992,11.9,Cl2
a355,WHI,0.4,0.047,245,0.9937,9.6,Cl2
a356,WHI,0.22,0.063,191,0.9978,9,Cl2
a357,WHI,0.22,0.063,191,0.9978,9,Cl2
a358,WHI,0.36,0.05,169,0.9927,9.5,Cl2
a359,WHI,0.2,0.05,152,0.994,10.4,Cl2
a360,WHI,0.24,0.04,161,0.9935,10.6,Cl2
a361,WHI,0.24,0.047,162,0.9968,10.2,Cl2
a362,WHI,0.365,0.055,84,0.9941,8.9,Cl1
a363,WHI,0.15,0.05,127,0.9942,9.7,Cl2
a364,WHI,0.22,0.063,191,0.9978,9,Cl2
a365,WHI,0.16,0.037,102,0.9923,11.4,Cl2
a366,WHI,0.26,0.028,113,0.9912,12.3,Cl2
a367,WHI,0.18,0.089,143,0.9923,10.8,Cl2
a368,WHI,0.33,0.053,148,0.9927,9.4,Cl2
a369,WHI,0.29,0.049,178,0.9931,10.6,Cl2
a370,WHI,0.39,0.044,72,0.9941,11.6,Cl1
a371,WHI,0.33,0.053,148,0.9927,9.4,Cl2
a372,WHI,0.29,0.049,178,0.9931,10.6,Cl2
a373,WHI,0.905,0.048,204,0.9934,10,Cl1
a374,WHI,0.27,0.048,149,0.9936,9.2,Cl2
a375,WHI,0.33,0.027,89,0.9893,12.5,Cl2
a376,WHI,0.33,0.027,89,0.9893,12.5,Cl2
a377,WHI,0.31,0.037,119,0.9919,10.4,Cl2
a378,WHI,0.2,0.045,98,0.9924,10,Cl2
a379,WHI,0.32,0.049,155,0.9927,10,Cl2
a380,WHI,0.31,0.037,119,0.9919,10.4,Cl2
a381,WHI,0.2,0.045,98,0.9924,10,Cl2
a382,WHI,0.28,0.046,179,0.9975,9,Cl2
a383,WHI,0.35,0.051,157,0.9969,9.2,Cl2
a384,WHI,0.27,0.048,149,0.9936,9.2,Cl2
a385,WHI,0.36,0.027,125,0.991,11.3,Cl2
a386,WHI,0.33,0.027,89,0.9893,12.5,Cl2
a387,WHI,0.17,0.026,115,0.9906,10.8,Cl2
a388,WHI,0.39,0.04,260,0.9941,10.1,Cl1
a389,WHI,0.21,0.047,140,0.995,9.7,Cl2
a390,WHI,0.3,0.032,181,0.9983,9.3,Cl2
a391,WHI,0.3,0.032,181,0.9983,9.3,Cl2
a392,WHI,0.36,0.031,66,0.9916,10.6,Cl1
a393,WHI,0.55,0.031,125,0.9957,10.2,Cl2
a394,WHI,0.24,0.021,69,0.99,12.2,Cl2
a395,WHI,0.37,0.044,163,0.9976,8.8,Cl1
a396,WHI,0.27,0.04,168,0.992,10,Cl1
a397,WHI,0.28,0.031,93,0.9917,11.4,Cl1
a398,WHI,0.2,0.037,107,0.9917,11.4,Cl2
a399,WHI,0.26,0.048,168,0.9993,9.4,Cl1
a400,WHI,0.19,0.032,83,0.9908,11.7,Cl2
a401,WHI,0.2,0.037,107,0.9917,11.4,Cl2
a402,WHI,0.37,0.044,163,0.9976,8.8,Cl1
a403,WHI,0.35,0.069,108,0.9934,9.2,Cl1
a404,WHI,0.27,0.046,252,1,8.7,Cl1
a405,WHI,0.22,0.035,170,0.9918,12.6,Cl2
a406,WHI,0.27,0.04,168,0.992,10,Cl1
a407,WHI,0.28,0.031,99,0.9896,12.8,Cl2
a408,WHI,0.49,0.049,125,0.9932,9.4,Cl1
a409,WHI,0.14,0.044,116,0.992,10.3,Cl2
a410,WHI,0.28,0.031,93,0.9917,11.4,Cl1
a411,WHI,0.25,0.038,155,0.9999,9,Cl2
a412,WHI,0.28,0.04,140,0.998,9.6,Cl2
a413,WHI,0.19,0.036,85,0.9918,10.5,Cl1
a414,WHI,0.19,0.036,85,0.9918,10.5,Cl1
a415,WHI,0.25,0.038,155,0.9999,9,Cl2
a416,WHI,0.28,0.04,140,0.998,9.6,Cl2
a417,WHI,0.21,0.041,99,0.9927,9.8,Cl2
a418,WHI,0.26,0.047,210,0.9959,9,Cl1
a419,WHI,0.21,0.041,99,0.9927,9.8,Cl2
a420,WHI,0.31,0.05,137,0.9929,10.5,Cl2
a421,WHI,0.22,0.03,136,0.9898,12.7,Cl2
a422,WHI,0.21,0.045,222,0.9954,10.4,Cl2
a423,WHI,0.21,0.045,221,0.9954,10.4,Cl2
a424,WHI,0.21,0.045,221,0.9954,10.4,Cl2
a425,WHI,0.23,0.047,162,0.9954,10.5,Cl2
a426,WHI,0.21,0.045,222,0.9954,10.4,Cl2
a427,WHI,0.21,0.045,221,0.9954,10.4,Cl2
a428,WHI,0.29,0.053,194,0.9974,9.4,Cl1
a429,WHI,0.21,0.051,89,0.9936,9.1,Cl1
a430,WHI,0.31,0.056,197,0.9978,9.3,Cl1
a431,WHI,0.29,0.053,194,0.9974,9.4,Cl1
a432,WHI,0.34,0.048,84,0.9927,9.8,Cl1
a433,WHI,0.155,0.045,214,0.9934,9.9,Cl2
a434,WHI,0.55,0.108,151,0.9938,9.2,Cl1
a435,WHI,0.23,0.028,104,0.9922,12.1,Cl3
a436,WHI,0.2,0.027,97,0.992,12.2,Cl2
a437,WHI,0.28,0.042,218.5,0.9935,9.8,Cl1
a438,WHI,0.16,0.035,186,0.9906,12.4,Cl3
a439,WHI,0.155,0.045,214,0.9934,9.9,Cl2
a440,WHI,0.35,0.06,108,0.9934,9.2,Cl1
a441,WHI,0.22,0.028,102,0.9913,11.6,Cl2
a442,WHI,0.38,0.033,137,0.9938,10.4,Cl2
a443,WHI,0.25,0.026,126,0.9898,12.9,Cl3
a444,WHI,0.52,0.048,245,0.9975,9.3,Cl2
a445,WHI,0.24,0.031,139,0.9975,11,Cl2
a446,WHI,0.32,0.038,66,0.9937,11.5,Cl1
a447,WHI,0.28,0.054,156,0.9914,12.4,Cl1
a448,WHI,0.41,0.048,113,0.9982,9.8,Cl2
a449,WHI,0.41,0.048,113,0.9982,9.8,Cl2
a450,WHI,0.28,0.052,127,0.9929,10.5,Cl2
a451,WHI,0.6,0.07,174,0.9971,9.1,Cl1
a452,WHI,0.2,0.038,128,0.9921,10.1,Cl1
a453,WHI,0.46,0.042,160,0.9931,10.6,Cl2
a454,WHI,0.27,0.046,113,0.9924,10.5,Cl2
a455,WHI,0.28,0.052,127,0.9929,10.5,Cl2
a456,WHI,0.41,0.048,113,0.9982,9.8,Cl2
a457,WHI,0.23,0.022,82,0.9892,12.9,Cl2
a458,WHI,0.21,0.056,111,0.9956,9.5,Cl1
a459,WHI,0.37,0.053,218.5,0.9924,9.8,Cl2
a460,WHI,0.43,0.059,249,0.9971,8.5,Cl1
a461,WHI,0.21,0.056,111,0.9956,9.5,Cl1
a462,WHI,0.25,0.047,171,0.9982,9.3,Cl1
a463,WHI,0.25,0.047,162,0.9973,9.5,Cl1
a464,WHI,0.32,0.044,68,0.9932,9.4,Cl2
a465,WHI,0.39,0.047,178,0.9976,8.7,Cl1
a466,WHI,0.21,0.081,126,0.9962,8.9,Cl1
a467,WHI,0.14,0.039,141,0.9956,9.4,Cl2
a468,WHI,0.32,0.044,68,0.9932,9.4,Cl2
a469,WHI,0.39,0.047,178,0.9976,8.7,Cl1
a470,WHI,0.29,0.047,182,0.9992,9.6,Cl1
a471,WHI,0.37,0.039,158,0.9983,9.3,Cl2
a472,WHI,0.38,0.036,200,0.9937,10,Cl1
a473,WHI,0.24,0.023,86,0.99,12.5,Cl2
a474,WHI,0.17,0.034,132,0.9944,9.6,Cl2
a475,WHI,0.16,0.03,102,0.9938,9.4,Cl2
a476,WHI,0.24,0.029,227,0.9965,9.5,Cl1
a477,WHI,0.28,0.028,105,0.9893,12.4,Cl2
a478,WHI,0.22,0.037,115,0.9927,10.5,Cl2
a479,WHI,0.55,0.073,165,0.994,9.2,Cl2
a480,WHI,0.22,0.041,164,0.9928,10.4,Cl2
a481,WHI,0.47,0.043,172,0.9964,9.2,Cl1
a482,WHI,0.36,0.047,104,0.9917,10.6,Cl2
a483,WHI,0.25,0.044,137,0.9972,9.5,Cl1
a484,WHI,0.47,0.043,172,0.9964,9.2,Cl1
a485,WHI,0.37,0.346,200,0.9954,9.6,Cl1
a486,WHI,0.18,0.028,117,0.993,9.7,Cl2
a487,WHI,0.16,0.025,117,0.9928,9.7,Cl2
a488,WHI,0.34,0.035,90,0.9916,10.7,Cl2
a489,WHI,0.29,0.045,180,0.9936,10.5,Cl2
a490,WHI,0.26,0.047,177,0.9962,8.9,Cl2
a491,WHI,0.28,0.035,70,0.9899,12.1,Cl2
a492,WHI,0.23,0.032,65,0.9898,12.7,Cl2
a493,WHI,0.19,0.039,182,0.996,9.9,Cl2
a494,WHI,0.19,0.022,158,0.9907,11.4,Cl2
a495,WHI,0.2,0.04,103,0.994,10.7,Cl2
a496,WHI,0.44,0.025,173,0.9913,12.5,Cl2
a497,WHI,0.4,0.041,189,0.9976,8.6,Cl1
a498,WHI,0.23,0.026,147,0.9904,12.5,Cl2
a499,WHI,0.335,0.04,174,0.992,10,Cl1
a500,WHI,0.4,0.041,189,0.9976,8.6,Cl1
a501,WHI,0.28,0.045,200,0.999,9.5,Cl2
a502,WHI,0.19,0.038,164,0.9975,9.6,Cl2
a503,WHI,0.3,0.038,210,0.9937,9.9,Cl2
a504,WHI,0.3,0.037,210,0.9937,9.9,Cl1
a505,WHI,0.18,0.053,140,0.998,8.9,Cl2
a506,WHI,0.18,0.053,140,0.998,8.9,Cl2
a507,WHI,0.51,0.09,135,0.9944,8.8,Cl1
a508,WHI,0.24,0.048,170,0.9938,10,Cl2
a509,WHI,0.62,0.039,152,0.9907,12,Cl2
a510,WHI,0.24,0.048,170,0.9938,10,Cl2
a511,WHI,0.27,0.041,138,0.9921,10,Cl2
a512,WHI,0.34,0.042,167,0.9908,12.1,Cl2
a513,WHI,0.26,0.04,141,0.9931,11,Cl2
a514,WHI,0.36,0.025,55,0.9915,11.2,Cl2
a515,WHI,0.28,0.036,115,0.9952,10.3,Cl2
a516,WHI,0.31,0.051,167,0.9926,10.4,Cl2
a517,WHI,0.18,0.055,154,0.9934,9.1,Cl1
a518,WHI,0.15,0.045,154,0.992,10.4,Cl2
a519,WHI,0.13,0.05,78,0.9918,10.8,Cl2
a520,WHI,0.34,0.048,41,0.9942,11.7,Cl1
a521,WHI,0.19,0.039,143,0.9942,9.8,Cl1
a522,WHI,0.19,0.039,143,0.9942,9.8,Cl1
a523,WHI,0.25,0.038,101,0.9901,11.4,Cl2
a524,WHI,0.36,0.033,96,0.9898,11.2,Cl2
a525,WHI,0.35,0.038,72,0.9902,11.4,Cl1
a526,WHI,0.32,0.114,140,0.9934,9.2,Cl2
a527,WHI,0.31,0.04,29,0.9906,12.5,Cl1
a528,WHI,0.28,0.034,116,0.9898,12.6,Cl2
a529,WHI,0.36,0.031,104,0.9896,12.2,Cl2
a530,WHI,0.19,0.03,112,0.9922,11.2,Cl2
a531,WHI,0.1,0.048,103,0.9947,9.7,Cl2
a532,WHI,0.18,0.186,150,0.9945,9.3,Cl1
a533,WHI,0.25,0.067,178,0.9976,9,Cl2
a534,WHI,0.25,0.067,178,0.9976,9,Cl2
a535,WHI,0.25,0.067,178,0.9976,9,Cl2
a536,WHI,0.345,0.047,171,0.9987,9.1,Cl1
a537,WHI,0.345,0.047,171,0.9987,9.1,Cl1
a538,WHI,0.25,0.067,178,0.9976,9,Cl2
a539,WHI,0.24,0.045,61,0.992,10.4,Cl1
a540,WHI,0.25,0.053,211,0.9955,9.5,Cl2
a541,WHI,0.31,0.04,175,0.9953,11.4,Cl1
a542,WHI,0.46,0.05,192,0.9976,8.7,Cl1
a543,WHI,0.35,0.045,167,0.992,9.9,Cl2
a544,WHI,0.24,0.036,148,0.9952,9.9,Cl2
a545,WHI,0.28,0.047,162,0.9983,9,Cl2
a546,WHI,0.16,0.04,149,0.9933,10,Cl2
a547,WHI,0.26,0.039,172,0.9958,9.7,Cl2
a548,WHI,0.22,0.052,87,0.9922,11.8,Cl2
a549,WHI,0.18,0.044,127,0.9928,10.2,Cl2
a550,WHI,0.46,0.05,192,0.9976,8.7,Cl1
a551,WHI,0.3,0.05,168,0.9976,9.6,Cl2
a552,WHI,0.25,0.026,93,0.9916,11.3,Cl2
a553,WHI,0.28,0.028,118,0.9901,12.1,Cl2
a554,WHI,0.3,0.05,168,0.9976,9.6,Cl2
a555,WHI,0.28,0.028,118,0.9901,12.1,Cl2
a556,WHI,0.25,0.026,93,0.9916,11.3,Cl2
a557,WHI,0.35,0.046,160,0.9982,9.4,Cl1
a558,WHI,0.41,0.049,137,0.993,10.4,Cl2
a559,WHI,0.21,0.044,165,0.9969,9.5,Cl1
a560,WHI,0.34,0.047,144,0.991,12.3,Cl2
a561,WHI,0.21,0.049,150,0.9953,9.9,Cl2
a562,WHI,0.37,0.057,128,0.9924,10.1,Cl1
a563,WHI,0.34,0.063,184,0.9969,9.2,Cl2
a564,WHI,0.3,0.046,135,0.9928,10.4,Cl2
a565,WHI,0.51,0.066,165,0.9945,9.1,Cl1
a566,WHI,0.22,0.059,99,0.9967,10,Cl2
a567,WHI,0.35,0.051,37,0.9944,11.5,Cl2
a568,WHI,0.26,0.048,153,0.9928,9.8,Cl1
a569,WHI,0.26,0.05,154,0.9929,9.8,Cl2
a570,WHI,0.28,0.04,179,0.9948,9.4,Cl2
a571,WHI,0.41,0.051,194,0.9976,8.7,Cl1
a572,WHI,0.28,0.038,107,0.9912,11.6,Cl2
a573,WHI,0.34,0.047,181,0.9987,8.8,Cl1
a574,WHI,0.2,0.032,151,0.99,12.7,Cl2
a575,WHI,0.2,0.035,138,0.991,11.7,Cl2
a576,WHI,0.22,0.047,185,0.9933,10.2,Cl2
a577,WHI,0.23,0.047,187,0.9933,10.2,Cl2
a578,WHI,0.22,0.033,153,0.9899,12.7,Cl2
a579,WHI,0.28,0.038,107,0.9912,11.6,Cl2
a580,WHI,0.38,0.034,134,0.9912,12.3,Cl2
a581,WHI,0.41,0.051,194,0.9976,8.7,Cl1
a582,WHI,0.18,0.042,111,0.994,9.4,Cl1
a583,WHI,0.3,0.056,168,0.9947,10.1,Cl2
a584,WHI,0.24,0.042,81,0.9954,9.7,Cl2
a585,WHI,0.25,0.046,134,0.993,10.1,Cl2
a586,WHI,0.24,0.042,81,0.9954,9.7,Cl2
a587,WHI,0.26,0.049,157,0.9963,8.9,Cl2
a588,WHI,0.32,0.034,136,0.992,10.8,Cl2
a589,WHI,0.28,0.036,121,0.9926,10.8,Cl2
a590,WHI,0.23,0.04,136,0.995,9.5,Cl2
a591,WHI,0.31,0.059,148,0.9983,9.1,Cl1
a592,WHI,0.2,0.037,119,0.992,10.9,Cl2
a593,WHI,0.41,0.043,152,0.9968,9.4,Cl1
a594,WHI,0.45,0.03,131,0.9905,10.8,Cl1
a595,WHI,0.475,0.03,131,0.9904,10.8,Cl1
a596,WHI,0.27,0.051,140,0.9926,10.5,Cl2
a597,WHI,0.41,0.043,152,0.9968,9.4,Cl1
a598,WHI,0.29,0.034,127,0.9928,10.8,Cl2
a599,WHI,0.27,0.036,115,0.9949,10.5,Cl3
a600,WHI,0.19,0.036,55,0.9909,11.5,Cl2
a601,WHI,0.3,0.18,160,0.9937,9.4,Cl2
a602,WHI,0.24,0.045,106,0.9914,10.8,Cl2
a603,WHI,0.45,0.03,131,0.9905,10.8,Cl1
a604,WHI,0.475,0.03,131,0.9904,10.8,Cl1
a605,WHI,0.26,0.052,134,0.9924,9.8,Cl2
a606,WHI,0.26,0.052,134,0.9924,9.8,Cl2
a607,WHI,0.25,0.049,158,0.9965,9.6,Cl1
a608,WHI,0.25,0.049,158,0.9965,9.6,Cl1
a609,WHI,0.28,0.044,161,0.9993,9.5,Cl1
a610,WHI,0.37,0.061,94,0.9965,10.7,Cl2
a611,WHI,0.36,0.037,119,0.9908,12.4,Cl3
a612,WHI,0.24,0.032,95,0.992,11.1,Cl2
a613,WHI,0.23,0.047,133,0.9978,8.8,Cl1
a614,WHI,0.21,0.045,133,0.9978,8.7,Cl1
a615,WHI,0.21,0.045,133,0.9978,8.7,Cl1
a616,WHI,0.23,0.047,133,0.9978,8.8,Cl1
a617,WHI,0.32,0.037,101,0.9912,11.7,Cl2
a618,WHI,0.26,0.051,195,0.9928,10.9,Cl2
a619,WHI,0.24,0.051,190,0.9928,10.8,Cl2
a620,WHI,0.19,0.057,135,0.993,9.6,Cl2
a621,WHI,0.46,0.084,222,0.9993,9,Cl1
a622,WHI,0.26,0.083,171,0.9965,9,Cl1
a623,WHI,0.32,0.043,141,0.9937,10.4,Cl2
a624,WHI,0.24,0.045,64,0.9913,11.4,Cl1
a625,WHI,0.36,0.066,128,0.9934,9.3,Cl1
a626,WHI,0.24,0.039,130,0.9952,11,Cl3
a627,WHI,0.56,0.096,177,0.9983,9.1,Cl1
a628,WHI,0.32,0.048,228,0.9957,9.4,Cl2
a629,WHI,0.32,0.048,228,0.9957,9.4,Cl2
a630,WHI,0.31,0.036,99,0.9916,10.5,Cl2
a631,WHI,0.23,0.05,144,0.9999,8.8,Cl1
a632,WHI,0.23,0.05,144,0.9999,8.8,Cl1
a633,WHI,0.24,0.04,131,0.9936,10.7,Cl2
a634,WHI,0.29,0.045,187,0.9972,9.5,Cl1
a635,WHI,0.17,0.033,150,0.9933,10.9,Cl2
a636,WHI,0.14,0.027,140,0.9934,10.8,Cl2
a637,WHI,0.17,0.037,133,0.9931,10.8,Cl2
a638,WHI,0.28,0.053,148,0.9976,9.2,Cl1
a639,WHI,0.35,0.046,198,0.9937,10.3,Cl1
a640,WHI,0.335,0.046,197,0.9937,10.3,Cl1
a641,WHI,0.235,0.047,127,0.991,11,Cl2
a642,WHI,0.28,0.054,189,0.9979,9,Cl1
a643,WHI,0.21,0.046,179,0.9971,10.4,Cl2
a644,WHI,0.24,0.05,163,0.9969,9.5,Cl1
a645,WHI,0.24,0.051,166,0.9968,9.5,Cl1
a646,WHI,0.26,0.058,166,0.9961,9,Cl1
a647,WHI,0.33,0.061,151,0.993,9.5,Cl1
a648,WHI,0.105,0.05,146,0.9973,9,Cl2
a649,WHI,0.32,0.041,190,0.9944,10,Cl1
a650,WHI,0.26,0.067,189,0.9986,9.1,Cl2
a651,WHI,0.26,0.067,189,0.9986,9.1,Cl2
a652,WHI,0.26,0.067,189,0.9986,9.1,Cl2
a653,WHI,0.26,0.067,189,0.9986,9.1,Cl2
a654,WHI,0.24,0.053,134,0.9972,9.5,Cl2
a655,WHI,0.21,0.048,138,0.9917,11.4,Cl2
a656,WHI,0.27,0.03,117,0.992,12.2,Cl2
a657,WHI,0.27,0.028,95,0.9932,11.3,Cl2
a658,WHI,0.34,0.05,136,0.9936,10.2,Cl1
a659,WHI,0.27,0.052,188,0.9915,11.3,Cl1
a660,WHI,0.29,0.038,234.5,0.9922,10,Cl1
a661,WHI,0.28,0.049,86,0.9934,9.4,Cl1
a662,WHI,0.25,0.032,133,0.9952,12.2,Cl2
a663,WHI,0.57,0.094,188,0.9972,9.2,Cl1
a664,WHI,0.28,0.049,86,0.9934,9.4,Cl1
a665,WHI,0.17,0.052,182,0.9958,9.6,Cl2
a666,WHI,0.28,0.056,130,0.9944,9.5,Cl1
a667,WHI,0.22,0.036,195,0.9908,12.5,Cl2
a668,WHI,0.17,0.052,182,0.9958,9.6,Cl2
a669,WHI,0.14,0.047,173,0.9925,10,Cl2
a670,WHI,0.24,0.047,211,0.9966,9.3,Cl1
a671,WHI,0.42,0.058,199,0.9972,9.3,Cl2
a672,WHI,0.28,0.038,101,0.9912,11.6,Cl2
a673,WHI,0.32,0.039,150,0.995,12.5,Cl3
a674,WHI,0.31,0.038,130,0.9928,10.6,Cl2
a675,WHI,0.32,0.047,206,0.9968,9.4,Cl1
a676,WHI,0.28,0.056,201,0.9955,9.1,Cl2
a677,WHI,0.29,0.057,224,0.9981,9,Cl2
a678,WHI,0.32,0.033,94,0.991,11.8,Cl2
a679,WHI,0.32,0.033,94,0.991,11.8,Cl2
a680,WHI,0.32,0.033,94,0.991,11.8,Cl2
a681,WHI,0.28,0.043,159,0.992,10,Cl1
a682,WHI,0.34,0.058,171,0.9931,9.7,Cl1
a683,WHI,0.25,0.052,165,0.997,9.5,Cl2
a684,WHI,0.27,0.24,174,0.9948,9.4,Cl1
a685,WHI,0.46,0.052,183,0.9923,11.2,Cl1
a686,WHI,0.36,0.051,201,0.9976,9,Cl1
a687,WHI,0.22,0.043,114,0.9938,10.7,Cl2
a688,WHI,0.67,0.29,193,0.9984,9,Cl1
a689,WHI,0.28,0.044,222,0.9972,9.1,Cl2
a690,WHI,0.17,0.039,125,0.9922,10.8,Cl2
a691,WHI,0.2,0.043,136,0.9935,10.1,Cl1
a692,WHI,0.36,0.037,198,0.9944,9.9,Cl2
a693,WHI,0.36,0.036,191,0.9942,9.8,Cl1
a694,WHI,0.37,0.036,185,0.9944,9.8,Cl1
a695,WHI,0.29,0.041,225,0.9997,9.5,Cl2
a696,WHI,0.34,0.047,198,0.9977,9.5,Cl1
a697,WHI,0.19,0.022,94,0.9912,11.1,Cl2
a698,WHI,0.31,0.039,204,0.9982,9.5,Cl1
a699,WHI,0.31,0.039,204,0.9982,9.5,Cl1
a700,WHI,0.31,0.042,204,0.9983,9.4,Cl1
a701,WHI,0.4,0.042,197,0.998,9.7,Cl1
a702,WHI,0.34,0.03,135,0.9894,13.9,Cl2
a703,WHI,0.38,0.042,84,0.9927,10.1,Cl1
a704,WHI,0.33,0.038,110,0.9917,10.5,Cl2
a705,WHI,0.25,0.037,115,0.9904,12.6,Cl2
a706,WHI,0.27,0.032,41,0.993,10.9,Cl1
a707,WHI,0.31,0.041,218,0.9941,10,Cl1
a708,WHI,0.18,0.046,166,0.9943,11.2,Cl2
a709,WHI,0.2,0.05,130,0.99855,10,Cl2
a710,WHI,0.47,0.044,98,0.99345,9.2,Cl1
a711,WHI,0.25,0.046,172,0.998,9.5,Cl1
a712,WHI,0.27,0.035,128,0.9916,12.3,Cl2
a713,WHI,0.27,0.035,128,0.9916,12.3,Cl2
a714,WHI,0.31,0.04,213,0.99475,10,Cl1
a715,WHI,0.39,0.038,187,0.99325,10.8,Cl2
a716,WHI,0.21,0.038,150,0.9933,10.5,Cl2
a717,WHI,0.42,0.048,221,0.9969,9.2,Cl2
a718,WHI,0.27,0.042,157,1.0002,9.1,Cl1
a719,WHI,0.21,0.038,150,0.9933,10.5,Cl2
a720,WHI,0.29,0.042,127,0.9937,10.2,Cl2
a721,WHI,0.29,0.053,178,0.99685,8.9,Cl1
a722,WHI,0.3,0.046,182,0.99455,10.4,Cl1
a723,WHI,0.31,0.032,128,0.9917,11.7,Cl2
a724,WHI,0.33,0.02,89,0.99035,12.4,Cl3
a725,WHI,0.3,0.028,122,0.9914,10.9,Cl2
a726,WHI,0.39,0.041,136,0.99225,10.2,Cl1
a727,WHI,0.24,0.038,114,0.99155,11.7,Cl2
a728,WHI,0.21,0.057,101,0.9954,9.4,Cl1
a729,WHI,0.16,0.043,157,0.99455,10.5,Cl1
a730,WHI,0.33,0.185,188,0.9924,9.4,Cl1
a731,WHI,0.23,0.042,139,0.99695,10.4,Cl2
a732,WHI,0.25,0.044,240,0.99655,9.5,Cl2
a733,WHI,0.28,0.022,49,0.9934,11.1,Cl2
a734,WHI,0.25,0.052,183,0.998,9.1,Cl2
a735,WHI,0.38,0.04,191,0.9971,9.2,Cl1
a736,WHI,0.25,0.038,129,0.9948,9.6,Cl2
a737,WHI,0.25,0.052,183,0.998,9.1,Cl2
a738,WHI,0.38,0.04,191,0.9971,9.2,Cl1
a739,WHI,0.21,0.021,142,0.99215,10.8,Cl2
a740,WHI,0.25,0.038,129,0.9948,9.6,Cl2
a741,WHI,0.39,0.022,19,0.9915,12.6,Cl1
a742,WHI,0.2,0.031,57,0.99115,11,Cl2
a743,WHI,0.2,0.03,136,0.9932,10.2,Cl2
a744,WHI,0.26,0.034,152,0.9977,9.4,Cl1
a745,WHI,0.38,0.041,160,0.99535,10,Cl1
a746,WHI,0.2,0.022,113,0.99165,12.2,Cl2
a747,WHI,0.21,0.033,253,0.9953,10.5,Cl2
a748,WHI,0.29,0.024,177,0.9928,11.5,Cl2
a749,WHI,0.18,0.049,176,0.9958,9.8,Cl2
a750,WHI,0.3,0.025,175,0.9928,11.4,Cl2
a751,WHI,0.29,0.024,177,0.9928,11.5,Cl2
a752,WHI,0.2,0.036,167,0.9964,10.2,Cl2
a753,WHI,0.2,0.038,160,0.9987,9.4,Cl2
a754,WHI,0.21,0.033,253,0.9953,10.5,Cl2
a755,WHI,0.35,0.11,138,0.9932,9.1,Cl1
a756,WHI,0.28,0.032,107,0.9907,12.2,Cl2
a757,WHI,0.25,0.056,175,0.99755,9.5,Cl1
a758,WHI,0.22,0.051,178,0.99935,9.3,Cl2
a759,WHI,0.14,0.051,136,0.9932,9.8,Cl2
a760,WHI,0.13,0.047,134,0.9932,9.8,Cl2
a761,WHI,0.18,0.049,176,0.9958,9.8,Cl2
a762,WHI,0.2,0.05,173,0.99585,9.8,Cl2
a763,WHI,0.24,0.057,247,1.00055,8.7,Cl1
a764,WHI,0.44,0.039,128,0.9985,10.2,Cl2
a765,WHI,0.3,0.042,168,0.99505,9.5,Cl2
a766,WHI,0.27,0.05,135,0.992,11,Cl2
a767,WHI,0.5,0.078,238,0.9988,9.2,Cl1
a768,WHI,0.2,0.028,46,0.99175,10.9,Cl2
a769,WHI,0.11,0.043,113,0.9962,9.3,Cl2
a770,WHI,0.11,0.043,113,0.9962,9.3,Cl2
a771,WHI,0.12,0.045,120,0.9942,9.8,Cl2
a772,WHI,0.16,0.13,140,0.9927,9.3,Cl2
a773,WHI,0.21,0.135,144,0.9927,9.3,Cl2
a774,WHI,0.27,0.039,172,0.99985,9.4,Cl1
a775,WHI,0.27,0.035,124,0.997,10.4,Cl3
a776,WHI,0.225,0.115,104,0.9918,12.1,Cl2
a777,WHI,0.14,0.039,98,0.99215,11,Cl2
a778,WHI,0.23,0.052,197,0.99865,9,Cl1
a779,WHI,0.22,0.053,178,0.9992,9.5,Cl2
a780,WHI,0.17,0.053,145,1.0006,8.8,Cl3
a781,WHI,0.395,0.042,55,0.99135,11.2,Cl1
a782,WHI,0.29,0.056,213,0.99715,9.3,Cl2
a783,WHI,0.22,0.053,178,0.9992,9.5,Cl2
a784,WHI,0.17,0.053,145,1.0006,8.8,Cl3
a785,WHI,0.23,0.052,197,0.99865,9,Cl1
a786,WHI,0.3,0.039,119,0.99815,9.3,Cl2
a787,WHI,0.34,0.04,117,0.99815,9.2,Cl2
a788,WHI,0.34,0.04,117,0.99815,9.2,Cl2
a789,WHI,0.34,0.037,116,0.9949,10,Cl2
a790,WHI,0.3,0.039,119,0.99815,9.3,Cl2
a791,WHI,0.34,0.04,117,0.99815,9.2,Cl2
a792,WHI,0.24,0.033,92,0.99225,10.9,Cl2
a793,WHI,0.46,0.046,144,0.99445,10,Cl1
a794,WHI,0.24,0.033,92,0.99225,10.9,Cl2
a795,WHI,0.32,0.049,173,0.99335,9.3,Cl1
a796,WHI,0.31,0.05,157,0.99625,9,Cl1
a797,WHI,0.42,0.054,215,0.9971,9.2,Cl2
a798,WHI,0.24,0.046,153,0.9983,9.6,Cl2
a799,WHI,0.18,0.041,113,0.99445,9.4,Cl2
a800,WHI,0.18,0.036,75,0.99085,11.1,Cl3
a801,WHI,0.27,0.036,161,0.9977,8.9,Cl2
a802,WHI,0.28,0.048,222,0.9953,9.3,Cl1
a803,WHI,0.39,0.044,220,0.99775,9.3,Cl1
a804,WHI,0.21,0.039,165,0.99795,9.8,Cl2
a805,WHI,0.32,0.032,112,0.99505,9.8,Cl2
a806,WHI,0.27,0.036,161,0.9977,8.9,Cl2
a807,WHI,0.31,0.046,205,0.9975,9.6,Cl1
a808,WHI,0.29,0.046,204,0.99745,9.6,Cl2
a809,WHI,0.39,0.046,246,0.9976,9,Cl2
a810,WHI,0.3,0.046,206,0.99775,9.5,Cl2
a811,WHI,0.28,0.048,222,0.9953,9.3,Cl1
a812,WHI,0.41,0.063,120,0.9932,9.2,Cl2
a813,WHI,0.35,0.055,160,0.99405,9.1,Cl2
a814,WHI,0.26,0.045,166,1,9.5,Cl2
a815,WHI,0.35,0.072,229,0.99785,10.5,Cl2
a816,WHI,0.3,0.04,125,0.9939,9,Cl1
a817,WHI,0.18,0.036,77,0.9939,11.7,Cl1
a818,WHI,0.56,0.034,133,0.99675,9.1,Cl1
a819,WHI,0.3,0.04,125,0.9939,9,Cl1
a820,WHI,0.56,0.034,133,0.99675,9.1,Cl1
a821,WHI,0.36,0.021,85,0.98965,12.4,Cl3
a822,WHI,0.655,0.071,212,0.9971,9.2,Cl2
a823,WHI,0.18,0.053,104,0.99445,9.4,Cl1
a824,WHI,0.19,0.047,117,0.9945,9.6,Cl2
a825,WHI,0.18,0.036,77,0.9939,11.7,Cl1
a826,WHI,0.21,0.042,167,0.9958,9.8,Cl2
a827,WHI,0.25,0.046,155,0.9956,10.2,Cl2
a828,WHI,0.24,0.031,139,0.99055,12.5,Cl3
a829,WHI,0.16,0.044,90,0.9959,10.9,Cl2
a830,WHI,0.16,0.043,90,0.9925,11,Cl2
a831,WHI,0.205,0.06,110,0.9963,10.5,Cl2
a832,WHI,0.17,0.037,161,0.9935,11.5,Cl1
a833,WHI,0.3,0.044,108,0.99105,12.8,Cl3
a834,WHI,0.25,0.035,82,0.99045,12.2,Cl2
a835,WHI,0.205,0.06,110,0.9963,10.5,Cl2
a836,WHI,0.42,0.04,108,0.99155,12.8,Cl3
a837,WHI,0.25,0.034,177,0.99085,11.9,Cl3
a838,WHI,0.25,0.034,177,0.99085,11.9,Cl3
a839,WHI,0.25,0.034,177,0.99085,11.9,Cl3
a840,WHI,0.34,0.034,126,0.9924,12,Cl2
a841,WHI,0.33,0.036,126,0.9924,12,Cl2
a842,WHI,0.23,0.044,169,0.99975,8.8,Cl2
a843,WHI,0.23,0.044,169,0.99975,8.8,Cl2
a844,WHI,0.19,0.036,101,0.99315,10.8,Cl2
a845,WHI,0.21,0.034,118,0.9917,11,Cl3
a846,WHI,0.21,0.034,118,0.9917,11,Cl3
a847,WHI,0.22,0.035,153,0.99845,9.3,Cl1
a848,WHI,0.34,0.026,73,0.9921,10.8,Cl1
a849,WHI,0.23,0.044,169,0.99975,8.8,Cl2
a850,WHI,0.2,0.03,105,0.9909,11.5,Cl2
a851,WHI,0.19,0.036,101,0.99315,10.8,Cl2
a852,WHI,0.38,0.042,166,0.99855,9.4,Cl1
a853,WHI,0.18,0.036,117,0.9934,9.5,Cl2
a854,WHI,0.34,0.039,151,0.9978,8.6,Cl1
a855,WHI,0.18,0.036,117,0.9934,9.5,Cl2
a856,WHI,0.2,0.038,116,0.9949,10.3,Cl2
a857,WHI,0.38,0.042,166,0.99855,9.4,Cl1
a858,WHI,0.4,0.042,169,0.9986,9.4,Cl1
a859,WHI,0.22,0.038,149,0.99725,10,Cl2
a860,WHI,0.3,0.17,166,0.9946,9.4,Cl1
a861,WHI,0.27,0.03,103,0.99255,10.4,Cl3
a862,WHI,0.25,0.041,182,0.9996,9.1,Cl2
a863,WHI,0.34,0.028,163,0.9939,9.9,Cl2
a864,WHI,0.28,0.029,111,0.99,12.1,Cl2
a865,WHI,0.33,0.028,163,0.9937,9.9,Cl1
a866,WHI,0.27,0.021,117,0.9886,12.5,Cl2
a867,WHI,0.18,0.036,117,0.9934,9.5,Cl2
a868,WHI,0.18,0.042,143,1,8.5,Cl3
a869,WHI,0.28,0.04,173,0.9994,9,Cl2
a870,WHI,0.24,0.037,97,0.9926,10.1,Cl2
a871,WHI,0.45,0.08,159,0.9956,9.4,Cl1
a872,WHI,0.34,0.039,151,0.9978,8.6,Cl1
a873,WHI,0.26,0.03,125,0.9915,10.7,Cl2
a874,WHI,0.17,0.037,33,0.9939,9.6,Cl1
a875,WHI,0.15,0.029,64,0.9932,10.1,Cl1
a876,WHI,0.21,0.037,141,0.993,10,Cl2
a877,WHI,0.36,0.018,119,0.9898,12.7,Cl3
a878,WHI,0.28,0.119,104,0.9921,10.2,Cl2
a879,WHI,0.16,0.126,110,0.9932,8.9,Cl2
a880,WHI,0.12,0.037,111,0.9919,11.9,Cl3
a881,WHI,0.21,0.037,141,0.993,10,Cl2
a882,WHI,0.36,0.04,121,0.9953,9.9,Cl2
a883,WHI,0.26,0.022,125,0.9928,11.5,Cl2
a884,WHI,0.26,0.022,125,0.9928,11.5,Cl2
a885,WHI,0.23,0.035,236,0.9976,9.8,Cl2
a886,WHI,0.34,0.024,105,0.9906,12.2,Cl2
a887,WHI,0.26,0.04,173,0.9918,11.4,Cl2
a888,WHI,0.3,0.044,90,0.99185,11,Cl2
a889,WHI,0.26,0.04,173,0.9918,11.4,Cl2
a890,WHI,0.3,0.044,90,0.99185,11,Cl2
a891,WHI,0.31,0.046,166,0.994,9.9,Cl2
a892,WHI,0.26,0.031,114,0.9908,11,Cl2
a893,WHI,0.26,0.036,114,0.9928,9.4,Cl1
a894,WHI,0.31,0.037,128,0.9896,12.2,Cl2
a895,WHI,0.26,0.031,114,0.9908,11,Cl2
a896,WHI,0.19,0.043,67,0.9918,10.3,Cl2
a897,WHI,0.18,0.047,242,0.9952,10.5,Cl2
a898,WHI,0.29,0.044,87,0.9923,10.5,Cl2
a899,WHI,0.26,0.039,67,0.9915,10.9,Cl2
a900,WHI,0.18,0.047,242,0.9952,10.5,Cl2
a901,WHI,0.2,0.052,145,0.9947,11,Cl2
a902,WHI,0.29,0.046,113,0.9983,9.7,Cl2
a903,WHI,0.28,0.048,229,0.9975,8.9,Cl1
a904,WHI,0.31,0.047,206,0.995,9.6,Cl2
a905,WHI,0.21,0.056,159,0.9944,8.8,Cl3
a906,WHI,0.19,0.047,101,0.994,11.1,Cl1
a907,WHI,0.27,0.048,72,0.9944,10.3,Cl1
a908,WHI,0.25,0.036,124,0.9908,12.2,Cl3
a909,WHI,0.23,0.054,159,0.99795,9.8,Cl1
a910,WHI,0.24,0.049,217,0.9985,8.8,Cl1
a911,WHI,0.33,0.04,144,0.99425,9.9,Cl1
a912,WHI,0.33,0.042,143,0.99425,9.9,Cl1
a913,WHI,0.34,0.041,145,0.9943,9.9,Cl1
a914,WHI,0.29,0.038,30,0.9924,9.2,Cl1
a915,WHI,0.32,0.05,88,0.9946,9.5,Cl1
a916,WHI,0.29,0.038,30,0.9924,9.2,Cl1
a917,WHI,0.13,0.042,137,0.995,10.3,Cl2
a918,WHI,0.3,0.037,124,0.9919,11,Cl2
a919,WHI,0.24,0.031,107,0.99,11.9,Cl2
a920,WHI,0.18,0.04,107,0.9923,10.2,Cl2
a921,WHI,0.11,0.057,144,0.9956,9.4,Cl2
a922,WHI,0.32,0.036,153,0.9978,8.9,Cl2
a923,WHI,0.32,0.036,153,0.9978,8.9,Cl2
a924,WHI,0.26,0.044,215,0.9967,10,Cl2
a925,WHI,0.28,0.044,152,0.9934,10.7,Cl3
a926,WHI,0.27,0.047,100,0.9936,9.8,Cl1
a927,WHI,0.595,0.042,80,0.9932,9.3,Cl1
a928,WHI,0.25,0.057,173,0.9934,9.5,Cl2
a929,WHI,0.25,0.055,179,0.998,10,Cl1
a930,WHI,0.36,0.044,115,0.9978,9,Cl1
a931,WHI,0.17,0.017,84,0.9929,11.9,Cl2
a932,WHI,0.26,0.033,230,0.9974,8.9,Cl1
a933,WHI,0.26,0.046,225,0.99685,10,Cl2
a934,WHI,0.29,0.037,205,0.99495,9.6,Cl1
a935,WHI,0.28,0.039,233,0.99745,8.9,Cl1
a936,WHI,0.27,0.041,230,0.99505,8.9,Cl1
a937,WHI,0.43,0.048,67,0.992,11.4,Cl1
a938,WHI,0.36,0.044,115,0.9978,9,Cl1
a939,WHI,0.35,0.044,244,0.9956,10,Cl2
a940,WHI,0.24,0.044,194,0.9982,9.6,Cl2
a941,WHI,0.34,0.034,197,0.99485,9.7,Cl1
a942,WHI,0.27,0.037,212,0.9971,9.5,Cl2
a943,WHI,0.415,0.039,88,0.99265,10,Cl2
a944,WHI,0.48,0.03,135,0.9904,12.2,Cl2
a945,WHI,0.18,0.051,131,0.9965,8.7,Cl2
a946,WHI,0.15,0.058,105,0.9946,10.2,Cl2
a947,WHI,0.345,0.047,205,0.99965,9.6,Cl1
a948,WHI,0.16,0.039,147,0.9935,10,Cl1
a949,WHI,0.705,0.048,57,0.996,9.5,Cl1
a950,WHI,0.25,0.034,84,0.9942,11.5,Cl1
a951,WHI,0.345,0.043,134,0.9936,9.5,Cl1
a952,WHI,0.22,0.035,143,0.9965,9.8,Cl2
a953,WHI,0.17,0.028,99,0.9928,10.1,Cl2
a954,WHI,0.23,0.042,117,0.9928,10,Cl1
a955,WHI,0.22,0.035,143,0.9965,9.8,Cl2
a956,WHI,0.345,0.043,134,0.9936,9.5,Cl1
a957,WHI,0.32,0.042,133,0.9938,9.5,Cl1
a958,WHI,0.23,0.041,79,0.9926,10.2,Cl2
a959,WHI,0.2,0.039,78,0.9926,10.2,Cl2
a960,WHI,0.24,0.05,174,0.9983,9,Cl2
a961,WHI,0.24,0.05,174,0.9983,9,Cl2
a962,WHI,0.42,0.037,101,0.992,12.3,Cl2
a963,WHI,0.24,0.05,174,0.9983,9,Cl2
a964,WHI,0.19,0.023,112,0.9923,11.6,Cl2
a965,WHI,0.26,0.034,152,0.9972,9.5,Cl2
a966,WHI,0.23,0.035,101,0.9928,11.5,Cl1
a967,WHI,0.34,0.041,188,0.9928,9.6,Cl2
a968,WHI,0.22,0.039,153,0.9994,9,Cl2
a969,WHI,0.08,0.028,93,0.991,12,Cl2
a970,WHI,0.42,0.019,68,0.9906,11.4,Cl2
a971,WHI,0.42,0.017,102,0.9894,12.3,Cl2
a972,WHI,0.27,0.02,110,0.9898,12.6,Cl2
a973,WHI,0.22,0.039,153,0.9994,9,Cl2
a974,WHI,0.08,0.028,93,0.991,12,Cl2
a975,WHI,0.13,0.046,114,0.9925,11.7,Cl2
a976,WHI,0.3,0.054,111,0.9956,9.2,Cl1
a977,WHI,0.13,0.058,131,0.9946,10.3,Cl2
a978,WHI,0.14,0.05,189,0.9966,8.6,Cl1
a979,WHI,0.28,0.037,155,0.9951,10.7,Cl2
a980,WHI,0.2,0.15,54,0.9927,9.8,Cl1
a981,WHI,0.19,0.152,55,0.9927,9.8,Cl2
a982,WHI,0.28,0.037,155,0.9951,10.7,Cl2
a983,WHI,0.39,0.027,72,0.9894,12.5,Cl2
a984,WHI,0.36,0.026,77,0.9907,11.9,Cl2
a985,WHI,0.19,0.043,149,0.9925,10.8,Cl1
a986,WHI,0.41,0.05,122,0.9928,10.5,Cl2
a987,WHI,0.28,0.054,161,0.9941,10.3,Cl2
a988,WHI,0.3,0.053,163,0.9941,10.3,Cl2
a989,WHI,0.19,0.043,149,0.9925,10.8,Cl1
a990,WHI,0.28,0.036,117,0.9935,12,Cl2
a991,WHI,0.16,0.04,143,0.9932,10.2,Cl2
a992,WHI,0.26,0.046,69,0.9944,10.2,Cl1
a993,WHI,0.25,0.049,217,0.9972,9.9,Cl1
a994,WHI,0.24,0.046,62,0.994,10.1,Cl1
a995,WHI,0.18,0.04,187,0.9956,9.5,Cl2
a996,WHI,0.27,0.046,154,0.9927,10.5,Cl2
a997,WHI,0.26,0.046,29,0.9924,10.4,Cl1
a998,WHI,0.24,0.062,152,0.9966,9.5,Cl2
a999,WHI,0.24,0.056,184,0.9997,9.2,Cl2
a1000,WHI,0.21,0.046,165,0.9936,10.1,Cl2
a1001,WHI,0.19,0.05,84,0.9936,9.8,Cl2
a1002,WHI,0.28,0.045,216,0.9952,9.4,Cl1
a1003,WHI,0.28,0.045,221,0.9952,9.4,Cl2
a1004,WHI,0.24,0.063,136,0.9928,10.4,Cl2
a1005,WHI,0.36,0.038,153,0.9911,11.3,Cl2
a1006,WHI,0.18,0.044,91,0.993,10.8,Cl2
a1007,WHI,0.36,0.038,153,0.9911,11.3,Cl2
a1008,WHI,0.52,0.052,79,0.9932,9.3,Cl1
a1009,WHI,0.22,0.059,199,0.993,10.3,Cl2
a1010,WHI,0.15,0.055,146,0.993,10.5,Cl2
a1011,WHI,0.16,0.043,109,0.9932,10.3,Cl2
a1012,WHI,0.16,0.048,173,0.9932,11.2,Cl2
a1013,WHI,0.16,0.057,98,0.9943,10.3,Cl2
a1014,WHI,0.25,0.048,210,0.9968,9.5,Cl1
a1015,WHI,0.16,0.064,162,0.9994,8.9,Cl1
a1016,WHI,0.39,0.036,113,0.9926,10.2,Cl1
a1017,WHI,0.37,0.071,136,0.9968,9.2,Cl1
a1018,WHI,0.16,0.043,109,0.9932,10.3,Cl2
a1019,WHI,0.18,0.045,157,0.9916,10.5,Cl2
a1020,WHI,0.14,0.049,189,0.9946,9.5,Cl2
a1021,WHI,0.2,0.041,125,0.9925,11.4,Cl2
a1022,WHI,0.2,0.041,125,0.9925,11.4,Cl2
a1023,WHI,0.19,0.019,188,0.9935,11.1,Cl3
a1024,WHI,0.19,0.06,174,0.9962,10.5,Cl2
a1025,WHI,0.34,0.088,185,0.9928,12,Cl2
a1026,WHI,0.15,0.039,123,0.993,9.7,Cl2
a1027,WHI,0.14,0.042,140,0.993,10.2,Cl2
a1028,WHI,0.55,0.04,60,0.9956,9.5,Cl1
a1029,WHI,0.24,0.052,128,0.9941,10.4,Cl2
a1030,WHI,0.6,0.05,245,0.9972,9.3,Cl1
a1031,WHI,0.2,0.054,166,0.9948,10.5,Cl2
a1032,WHI,0.34,0.047,232,0.9955,10,Cl2
a1033,WHI,0.3,0.055,234,0.9972,10.2,Cl2
a1034,WHI,0.3,0.055,234,0.9972,10.2,Cl2
a1035,WHI,0.64,0.244,227,0.9983,9.1,Cl1
a1036,WHI,0.17,0.04,148,0.9942,10.2,Cl2
a1037,WHI,0.17,0.06,75,0.9936,10.7,Cl1
a1038,WHI,0.47,0.044,77,0.9956,9.7,Cl1
a1039,WHI,0.15,0.034,104,0.9953,9.3,Cl2
a1040,WHI,0.17,0.035,102,0.9918,11,Cl1
a1041,WHI,0.68,0.047,138,0.995,10.8,Cl1
a1042,WHI,0.275,0.039,75,0.992,10.7,Cl1
a1043,WHI,0.49,0.043,104,0.9952,10.7,Cl1
a1044,WHI,0.33,0.048,243,1.001,8.8,Cl1
a1045,WHI,0.21,0.049,94,0.9924,10.9,Cl2
a1046,WHI,0.15,0.05,92,0.9932,10.5,Cl1
a1047,WHI,0.19,0.046,107,0.9937,10,Cl1
a1048,WHI,0.31,0.029,61,0.9918,10.4,Cl1
a1049,WHI,0.4,0.038,75,0.9934,9.2,Cl1
a1050,WHI,0.37,0.035,116,0.991,12.6,Cl2
a1051,WHI,0.24,0.048,152,0.9962,9,Cl1
a1052,WHI,0.21,0.137,123,0.9932,9.2,Cl2
a1053,WHI,0.29,0.035,86,0.9908,11.3,Cl1
a1054,WHI,0.29,0.05,119,0.9962,10.3,Cl1
a1055,WHI,0.31,0.029,61,0.9918,10.4,Cl1
a1056,WHI,0.26,0.049,111,0.9941,10,Cl1
a1057,WHI,0.21,0.06,111,0.9931,10.7,Cl2
a1058,WHI,0.51,0.093,197,0.9981,9,Cl1
a1059,WHI,0.21,0.06,111,0.9931,10.7,Cl2
a1060,WHI,0.3,0.077,166,0.9944,8.7,Cl1
a1061,WHI,0.26,0.054,121,0.992,11.6,Cl2
a1062,WHI,0.21,0.07,185,0.9966,9.4,Cl1
a1063,WHI,0.26,0.079,216,0.9956,9.5,Cl1
a1064,WHI,0.26,0.073,202,0.9956,9.5,Cl1
a1065,WHI,0.26,0.072,159,0.9949,10.9,Cl2
a1066,WHI,0.22,0.054,126,1.0002,9.7,Cl1
a1067,WHI,0.3,0.048,172,0.9942,9.1,Cl2
a1068,WHI,0.19,0.037,125,0.9923,11.1,Cl2
a1069,WHI,0.33,0.024,87,0.9917,12.6,Cl2
a1070,WHI,0.2,0.031,147,0.9931,11,Cl2
a1071,WHI,0.37,0.04,166,0.992,11.3,Cl2
a1072,WHI,0.22,0.054,126,1.0002,9.7,Cl1
a1073,WHI,0.29,0.036,118,0.9953,10.9,Cl2
a1074,WHI,0.34,0.048,192,0.9951,10.9,Cl1
a1075,WHI,0.55,0.049,186,0.9974,9.3,Cl2
a1076,WHI,0.4,0.033,124,0.9904,12.7,Cl2
a1077,WHI,0.28,0.048,180,0.9974,10.1,Cl2
a1078,WHI,0.26,0.037,132,0.9944,10,Cl1
a1079,WHI,0.26,0.051,197,1.0004,9.8,Cl1
a1080,WHI,0.34,0.046,227,0.9952,10.1,Cl2
a1081,WHI,0.15,0.059,118,0.9956,9,Cl2
a1082,WHI,0.27,0.038,155,0.995,9.4,Cl2
a1083,WHI,0.27,0.038,155,0.995,9.4,Cl2
a1084,WHI,0.2,0.048,190,0.9995,9.2,Cl2
a1085,WHI,0.23,0.035,142,0.9942,10.1,Cl2
a1086,WHI,0.31,0.041,160,0.9977,8.6,Cl1
a1087,WHI,0.24,0.027,128,0.992,11.2,Cl3
a1088,WHI,0.24,0.037,123,0.992,11.2,Cl3
a1089,WHI,0.2,0.048,190,0.9995,9.2,Cl2
a1090,WHI,0.17,0.034,127,0.9934,10.6,Cl2
a1091,WHI,0.21,0.049,213,1.0006,9.3,Cl2
a1092,WHI,0.21,0.048,178,0.9982,8.9,Cl2
a1093,WHI,0.21,0.069,156,0.9928,10.6,Cl2
a1094,WHI,0.17,0.038,132,0.9945,10.6,Cl2
a1095,WHI,0.24,0.045,183,0.9963,8.8,Cl1
a1096,WHI,0.24,0.033,97,0.9906,11,Cl3
a1097,WHI,0.28,0.04,139,0.9956,10.2,Cl2
a1098,WHI,0.23,0.035,142,0.9942,10.1,Cl2
a1099,WHI,0.29,0.039,120,0.9962,10.1,Cl2
a1100,WHI,0.29,0.025,120,0.9894,14,Cl2
a1101,WHI,0.27,0.038,155,0.995,9.4,Cl2
a1102,WHI,0.17,0.028,107,0.9908,11.8,Cl2
a1103,WHI,0.16,0.033,148,0.9914,11.4,Cl1
a1104,WHI,0.29,0.036,117,0.9938,10.7,Cl1
a1105,WHI,0.31,0.041,160,0.9977,8.6,Cl1
a1106,WHI,0.32,0.028,191,0.9922,11.5,Cl2
a1107,WHI,0.24,0.027,128,0.992,11.2,Cl3
a1108,WHI,0.37,0.029,87,0.9903,12.6,Cl2
a1109,WHI,0.29,0.024,76,0.9893,12.6,Cl2
a1110,WHI,0.22,0.054,151,0.9952,9.3,Cl1
a1111,WHI,0.37,0.029,87,0.9903,12.6,Cl2
a1112,WHI,0.18,0.04,96,0.9912,12.1,Cl2
a1113,WHI,0.22,0.053,177,0.9983,9.9,Cl2
a1114,WHI,0.18,0.047,102,0.9937,10.7,Cl1
a1115,WHI,0.52,0.047,26,0.9932,10,Cl1
a1116,WHI,0.15,0.047,96,0.9928,10.4,Cl3
a1117,WHI,0.415,0.04,64,0.9922,10.5,Cl1
a1118,WHI,0.45,0.037,216,0.9976,9.7,Cl1
a1119,WHI,0.415,0.04,64,0.9922,10.5,Cl1
a1120,WHI,0.5,0.042,138,0.9974,9,Cl1
a1121,WHI,0.105,0.051,106,0.998,9.2,Cl2
a1122,WHI,0.4,0.047,117,0.9931,10.1,Cl2
a1123,WHI,0.25,0.04,89,0.9911,11.4,Cl2
a1124,WHI,0.36,0.042,124,0.9944,10.8,Cl1
a1125,WHI,0.23,0.044,135,0.9937,10.9,Cl1
a1126,WHI,0.55,0.047,182,0.9974,9.2,Cl2
a1127,WHI,0.115,0.038,166,0.989,12.9,Cl2
a1128,WHI,0.125,0.042,99,0.992,12,Cl2
a1129,WHI,0.1,0.047,100,0.9928,9.5,Cl1
a1130,WHI,0.25,0.031,117,0.9918,11.8,Cl2
a1131,WHI,0.2,0.048,159,0.9936,9.1,Cl2
a1132,WHI,0.23,0.047,128,0.9944,9.7,Cl2
a1133,WHI,0.39,0.043,162,0.9988,9.1,Cl1
a1134,WHI,0.22,0.053,114,0.994,10,Cl1
a1135,WHI,0.41,0.042,127,0.9953,10.4,Cl1
a1136,WHI,0.25,0.048,161,0.9986,9.5,Cl2
a1137,WHI,0.26,0.027,178,0.9914,12.3,Cl3
a1138,WHI,0.31,0.031,170,0.9934,11.7,Cl3
a1139,WHI,0.28,0.058,133,0.996,9.5,Cl1
a1140,WHI,0.31,0.034,91,0.9937,11.5,Cl1
a1141,WHI,0.16,0.076,57,0.9921,10.6,Cl2
a1142,WHI,0.34,0.052,146,0.998,10.2,Cl1
a1143,WHI,0.28,0.058,133,0.996,9.5,Cl1
a1144,WHI,0.24,0.048,131,0.9933,10.5,Cl1
a1145,WHI,0.25,0.047,132,0.9933,10.5,Cl1
a1146,WHI,0.32,0.041,223,0.9959,8.9,Cl1
a1147,WHI,0.27,0.031,151,0.9936,10.6,Cl1
a1148,WHI,0.34,0.041,188,0.9953,9.5,Cl1
a1149,WHI,0.17,0.025,111,0.9938,10.8,Cl2
a1150,WHI,0.25,0.038,220,0.9952,9.5,Cl1
a1151,WHI,0.32,0.042,219,0.9959,8.9,Cl1
a1152,WHI,0.32,0.041,223,0.9959,8.9,Cl1
a1153,WHI,0.6,0.042,79,0.9937,9.4,Cl1
a1154,WHI,0.395,0.035,102,0.992,10.6,Cl2
a1155,WHI,0.16,0.037,171,0.9967,9,Cl1
a1156,WHI,0.33,0.034,172,0.9944,10.5,Cl1
a1157,WHI,0.3,0.054,135,0.9998,9,Cl2
a1158,WHI,0.3,0.054,135,0.9998,9,Cl2
a1159,WHI,0.26,0.201,189.5,0.9942,9.4,Cl2
a1160,WHI,0.3,0.054,135,0.9998,9,Cl2
a1161,WHI,0.14,0.055,153,0.9945,9.6,Cl2
a1162,WHI,0.3,0.054,135,0.9998,9,Cl2
a1163,WHI,0.25,0.043,151,0.9946,10.2,Cl2
a1164,WHI,0.26,0.201,189.5,0.9942,9.4,Cl2
a1165,WHI,0.23,0.057,73,0.9928,10.4,Cl2
a1166,WHI,0.24,0.03,129,0.9946,10.4,Cl1
a1167,WHI,0.45,0.039,82,0.9927,9.5,Cl1
a1168,WHI,0.23,0.044,113,0.9938,10.6,Cl2
a1169,WHI,0.2,0.037,74,0.9918,11,Cl1
a1170,WHI,0.14,0.055,153,0.9945,9.6,Cl2
a1171,WHI,0.25,0.062,115,0.9966,9.9,Cl2
a1172,WHI,0.61,0.03,118,0.9954,9.6,Cl1
a1173,WHI,0.21,0.036,119,0.9913,12.8,Cl2
a1174,WHI,0.22,0.045,101,0.9931,11.4,Cl1
a1175,WHI,0.26,0.036,214,0.9986,10,Cl2
a1176,WHI,0.25,0.042,173,0.9965,9.1,Cl1
a1177,WHI,0.32,0.039,198,0.9984,9.4,Cl2
a1178,WHI,0.25,0.042,189,0.9952,10.2,Cl2
a1179,WHI,0.44,0.036,167,0.9956,9.2,Cl1
a1180,WHI,0.2,0.044,109,0.9949,9.4,Cl1
a1181,WHI,0.61,0.03,118,0.9954,9.6,Cl1
a1182,WHI,0.42,0.029,125,0.996,10.1,Cl2
a1183,WHI,0.22,0.045,101,0.9931,11.4,Cl1
a1184,WHI,0.26,0.025,134,0.992,10.6,Cl2
a1185,WHI,0.46,0.033,138,0.9912,12.8,Cl2
a1186,WHI,0.41,0.065,225,0.9978,8.9,Cl1
a1187,WHI,0.32,0.048,184,0.9938,9.3,Cl1
a1188,WHI,0.21,0.026,104,0.9914,11.1,Cl3
a1189,WHI,0.21,0.037,143,0.9932,9.9,Cl2
a1190,WHI,0.26,0.068,55,0.9944,9.6,Cl1
a1191,WHI,0.21,0.036,119,0.9913,12.8,Cl2
a1192,WHI,0.25,0.024,135,0.9948,10.7,Cl2
a1193,WHI,0.26,0.074,107,0.998,9.2,Cl2
a1194,WHI,0.22,0.042,129.5,0.9998,9.1,Cl2
a1195,WHI,0.37,0.025,216,0.9964,9.6,Cl2
a1196,WHI,0.22,0.038,141,0.9992,9.2,Cl2
a1197,WHI,0.25,0.024,135,0.9948,10.7,Cl2
a1198,WHI,0.22,0.042,129.5,0.9998,9.1,Cl2
a1199,WHI,0.26,0.074,107,0.998,9.2,Cl2
a1200,WHI,0.25,0.02,93,0.9939,10.7,Cl2
a1201,WHI,0.18,0.027,93,0.992,10.8,Cl2
a1202,WHI,0.17,0.028,75,0.9922,10.8,Cl2
a1203,WHI,0.3,0.046,192,0.9955,9,Cl1
a1204,WHI,0.33,0.049,97,0.9917,10.7,Cl2
a1205,WHI,0.33,0.049,97,0.9917,10.7,Cl2
a1206,WHI,0.33,0.047,200,0.9954,9.4,Cl1
a1207,WHI,0.26,0.037,171,0.9986,8.8,Cl2
a1208,WHI,0.3,0.046,192,0.9955,9,Cl1
a1209,WHI,0.21,0.031,134,0.9917,11.5,Cl2
a1210,WHI,0.23,0.03,125,0.9907,12.5,Cl2
a1211,WHI,0.28,0.042,59,0.9922,10.5,Cl2
a1212,WHI,0.27,0.064,188,0.9958,9.7,Cl1
a1213,WHI,0.32,0.04,155,0.993,11.3,Cl2
a1214,WHI,0.33,0.049,97,0.9917,10.7,Cl2
a1215,WHI,0.24,0.033,59,0.9926,10.8,Cl2
a1216,WHI,0.28,0.045,169,0.9959,10.6,Cl1
a1217,WHI,0.37,0.034,93,0.9906,11.7,Cl3
a1218,WHI,0.61,0.301,220,0.9993,9.2,Cl1
a1219,WHI,0.26,0.027,126,0.993,11.1,Cl3
a1220,WHI,0.37,0.034,93,0.9906,11.7,Cl3
a1221,WHI,0.23,0.044,217.5,0.992,11,Cl2
a1222,WHI,0.4,0.034,127,0.992,12.5,Cl2
a1223,WHI,0.28,0.038,115,0.994,10,Cl2
a1224,WHI,0.28,0.045,169,0.9959,10.6,Cl1
a1225,WHI,0.23,0.033,102,0.9908,12.3,Cl2
a1226,WHI,0.32,0.023,87,0.9902,12.7,Cl2
a1227,WHI,0.23,0.033,102,0.9908,12.3,Cl2
a1228,WHI,0.18,0.039,110,0.9943,10.5,Cl1
a1229,WHI,0.26,0.047,109,0.9921,12.5,Cl2
a1230,WHI,0.33,0.033,96,0.9911,12.4,Cl1
a1231,WHI,0.29,0.043,238,0.9986,8.7,Cl2
a1232,WHI,0.41,0.03,114,0.992,12.4,Cl2
a1233,WHI,0.44,0.033,93,0.992,12.6,Cl2
a1234,WHI,0.39,0.037,131,0.9943,11,Cl2
a1235,WHI,0.26,0.043,155,0.9937,10.1,Cl2
a1236,WHI,0.32,0.036,195,0.993,10.5,Cl1
a1237,WHI,0.32,0.023,87,0.9902,12.7,Cl2
a1238,WHI,0.24,0.024,116,0.9928,10.9,Cl1
a1239,WHI,0.44,0.041,128,0.9896,13.5,Cl2
a1240,WHI,0.25,0.042,164,0.998,9.7,Cl1
a1241,WHI,0.14,0.041,178,0.9954,9.2,Cl2
a1242,WHI,0.18,0.036,187,0.9938,10.6,Cl2
a1243,WHI,0.43,0.033,141,0.9918,13.3,Cl2
a1244,WHI,0.44,0.041,128,0.9896,13.5,Cl2
a1245,WHI,0.26,0.037,131,0.9944,10.1,Cl1
a1246,WHI,0.66,0.042,233,0.9999,9.4,Cl1
a1247,WHI,0.2,0.055,167,0.9953,10.6,Cl2
a1248,WHI,0.21,0.046,80,0.992,11.3,Cl2
a1249,WHI,0.18,0.045,73,0.9925,10.8,Cl2
a1250,WHI,0.57,0.051,195,0.9981,10.4,Cl1
a1251,WHI,0.26,0.034,160,0.9952,10.5,Cl2
a1252,WHI,0.245,0.049,150,0.9927,9.3,Cl1
a1253,WHI,0.245,0.047,152,0.9927,9.3,Cl2
a1254,WHI,0.25,0.037,165,0.9911,12.2,Cl2
a1255,WHI,0.16,0.138,150,0.9936,9.2,Cl1
a1256,WHI,0.22,0.057,104,0.9959,10.3,Cl2
a1257,WHI,0.18,0.046,157,0.9946,9.4,Cl2
a1258,WHI,0.17,0.036,223,0.9948,10.2,Cl2
a1259,WHI,0.29,0.034,212,0.9955,9,Cl2
a1260,WHI,0.21,0.036,245,0.9951,9.3,Cl2
a1261,WHI,0.23,0.037,236,0.9952,9.2,Cl2
a1262,WHI,0.19,0.05,156,0.9946,9.4,Cl2
a1263,WHI,0.18,0.046,157,0.9946,9.4,Cl2
a1264,WHI,0.29,0.039,223,0.9944,9.5,Cl2
a1265,WHI,0.14,0.036,73,0.9938,9.9,Cl1
a1266,WHI,0.31,0.059,174,0.9963,11.1,Cl2
a1267,WHI,0.28,0.028,116,0.991,12.3,Cl3
a1268,WHI,0.22,0.044,163,1.0003,8.6,Cl2
a1269,WHI,0.31,0.04,145,0.9966,9.4,Cl1
a1270,WHI,0.35,0.048,190,0.9993,9.4,Cl2
a1271,WHI,0.22,0.044,163,1.0003,8.6,Cl2
a1272,WHI,0.5,0.037,126,0.9938,10.9,Cl1
a1273,WHI,0.39,0.169,162,0.9965,9.4,Cl1
a1274,WHI,0.5,0.037,126,0.9938,10.9,Cl1
a1275,WHI,0.35,0.048,190,0.9993,9.4,Cl2
a1276,WHI,0.22,0.064,132,0.9938,9.2,Cl2
a1277,WHI,0.22,0.044,163,1.0003,8.6,Cl2
a1278,WHI,0.31,0.04,145,0.9966,9.4,Cl1
a1279,WHI,0.24,0.083,133,0.9942,10.8,Cl2
a1280,WHI,0.27,0.025,153,0.9928,10.5,Cl2
a1281,WHI,0.16,0.026,140,0.991,12.5,Cl2
a1282,WHI,0.27,0.028,168,0.9911,12.1,Cl2
a1283,WHI,0.31,0.039,147,0.9977,8.7,Cl1
a1284,WHI,0.45,0.026,151,0.9927,12.7,Cl3
a1285,WHI,0.27,0.028,168,0.9911,12.1,Cl2
a1286,WHI,0.16,0.026,140,0.991,12.5,Cl2
a1287,WHI,0.16,0.05,147,0.9912,11.4,Cl2
a1288,WHI,0.21,0.032,110,0.9907,12.9,Cl2
a1289,WHI,0.32,0.029,109,0.9902,12.8,Cl2
a1290,WHI,0.16,0.034,78,0.992,11.2,Cl2
a1291,WHI,0.16,0.033,98,0.994,9.7,Cl2
a1292,WHI,0.23,0.038,191,0.9966,9.7,Cl2
a1293,WHI,0.17,0.037,79,0.993,10.3,Cl2
a1294,WHI,0.39,0.03,102,0.993,11.6,Cl1
a1295,WHI,0.41,0.031,102,0.993,11.6,Cl1
a1296,WHI,0.23,0.038,191,0.9966,9.7,Cl2
a1297,WHI,0.38,0.045,131,0.9942,10.9,Cl2
a1298,WHI,0.42,0.045,122,0.9925,12.6,Cl2
a1299,WHI,0.34,0.04,163,0.9925,12.4,Cl2
a1300,WHI,0.23,0.042,166,0.9928,11.5,Cl1
a1301,WHI,0.245,0.045,159,0.995,10.2,Cl2
a1302,WHI,0.2,0.032,176,0.9939,11.4,Cl1
a1303,WHI,0.19,0.067,212,0.9958,9.6,Cl2
a1304,WHI,0.2,0.035,163,0.9952,10.3,Cl2
a1305,WHI,0.59,0.038,228,1,9.3,Cl1
a1306,WHI,0.14,0.05,114,0.9948,10.7,Cl2
a1307,WHI,0.24,0.047,105,0.99,12.8,Cl3
a1308,WHI,0.14,0.049,142,0.9958,9.5,Cl1
a1309,WHI,0.15,0.046,130,0.9948,10.4,Cl2
a1310,WHI,0.17,0.049,94,0.9949,10.3,Cl2
a1311,WHI,0.365,0.041,142,0.997,9.9,Cl2
a1312,WHI,0.23,0.039,116,0.9927,10.7,Cl2
a1313,WHI,0.25,0.04,160,0.9938,10.5,Cl1
a1314,WHI,0.32,0.046,186,0.9949,9.6,Cl1
a1315,WHI,0.31,0.04,169,0.9953,9.3,Cl2
a1316,WHI,0.2,0.044,162,0.997,10,Cl2
a1317,WHI,0.255,0.026,190,0.9932,11.2,Cl2
a1318,WHI,0.15,0.039,177,0.9927,10.8,Cl1
a1319,WHI,0.15,0.044,96,0.9932,10.3,Cl2
a1320,WHI,0.25,0.038,234,0.9955,8.8,Cl1
a1321,WHI,0.19,0.044,114,0.9914,12.8,Cl2
a1322,WHI,0.43,0.028,114,0.991,13.2,Cl2
a1323,WHI,0.31,0.037,152,0.992,10.1,Cl2
a1324,WHI,0.2,0.093,161,0.9924,11,Cl1
a1325,WHI,0.16,0.043,182,0.9927,10.8,Cl2
a1326,WHI,0.32,0.04,114,0.9911,12.8,Cl2
a1327,WHI,0.22,0.042,168,0.9958,9.2,Cl2
a1328,WHI,0.26,0.047,167,0.9928,10.5,Cl2
a1329,WHI,0.37,0.028,81,0.9902,11.7,Cl2
a1330,WHI,0.19,0.052,104,0.994,9.5,Cl1
a1331,WHI,0.21,0.05,108,0.994,9.5,Cl1
a1332,WHI,0.15,0.058,110,0.9972,8.8,Cl2
a1333,WHI,0.16,0.05,210,1.0004,9.3,Cl2
a1334,WHI,0.21,0.034,180,0.991,12.6,Cl3
a1335,WHI,0.24,0.048,107,0.9918,12.4,Cl2
a1336,WHI,0.21,0.047,189,0.995,10.1,Cl2
a1337,WHI,0.29,0.042,161,0.9941,11.2,Cl3
a1338,WHI,0.18,0.048,251,0.9956,10,Cl1
a1339,WHI,0.18,0.048,251,0.9956,10,Cl1
a1340,WHI,0.58,0.033,116,0.9959,10.8,Cl2
a1341,WHI,0.16,0.04,121,0.9922,10,Cl2
a1342,WHI,0.54,0.029,151,0.9931,10.4,Cl1
a1343,WHI,0.58,0.033,116,0.9959,10.8,Cl2
a1344,WHI,0.25,0.059,181,0.9984,9.8,Cl2
a1345,WHI,0.23,0.041,165,0.9908,12.2,Cl3
a1346,WHI,0.39,0.043,113,0.991,12.7,Cl3
a1347,WHI,0.46,0.039,163,0.9928,12.2,Cl2
a1348,WHI,0.35,0.039,162,0.9936,11.9,Cl2
a1349,WHI,0.29,0.042,161,0.9941,11.2,Cl3
a1350,WHI,0.35,0.042,61,0.9924,10.4,Cl1
a1351,WHI,0.57,0.034,122,0.9917,12.8,Cl2
a1352,WHI,0.37,0.027,130,0.9906,12.7,Cl2
a1353,WHI,0.21,0.047,189,0.995,10.1,Cl2
a1354,WHI,0.18,0.048,251,0.9956,10,Cl1
a1355,WHI,0.13,0.04,179,0.9955,9,Cl1
a1356,WHI,0.19,0.04,143,0.9907,11.4,Cl1
a1357,WHI,0.22,0.05,191,1,8.9,Cl2
a1358,WHI,0.29,0.039,167,0.9953,9.3,Cl2
a1359,WHI,0.35,0.048,103,0.9911,12,Cl3
a1360,WHI,0.19,0.04,132,0.9922,10.8,Cl2
a1361,WHI,0.12,0.044,158,0.9951,10.5,Cl2
a1362,WHI,0.13,0.038,189.5,0.9948,10.6,Cl2
a1363,WHI,0.25,0.04,115,0.9906,11.3,Cl2
a1364,WHI,0.32,0.051,96,0.994,9.5,Cl1
a1365,WHI,0.19,0.04,143,0.9907,11.4,Cl1
a1366,WHI,0.13,0.046,140,0.9927,10.1,Cl2
a1367,WHI,0.14,0.037,95,0.9914,10.9,Cl2
a1368,WHI,0.27,0.058,115,0.9958,8.9,Cl1
a1369,WHI,0.22,0.05,191,1,8.9,Cl2
a1370,WHI,0.64,0.168,185,0.9984,9.3,Cl1
a1371,WHI,0.28,0.052,116,0.9941,10.4,Cl2
a1372,WHI,0.26,0.042,162,0.9944,12,Cl2
a1373,WHI,0.22,0.044,181,0.998,9.5,Cl2
a1374,WHI,0.22,0.044,181,0.998,9.5,Cl2
a1375,WHI,0.23,0.032,121,0.9902,12.4,Cl2
a1376,WHI,0.3,0.032,130,0.9911,11.2,Cl2
a1377,WHI,0.27,0.047,134,0.9929,11.4,Cl2
a1378,WHI,0.28,0.05,136,0.993,11.4,Cl2
a1379,WHI,0.28,0.047,132,0.9918,11.1,Cl2
a1380,WHI,0.46,0.054,126,0.992,10.4,Cl2
a1381,WHI,0.38,0.044,152,0.9932,12,Cl2
a1382,WHI,0.43,0.039,98,0.992,12.3,Cl2
a1383,WHI,0.56,0.045,92,0.994,9.1,Cl2
a1384,WHI,0.36,0.046,102,0.9923,10.5,Cl2
a1385,WHI,0.23,0.047,133,0.993,11.4,Cl2
a1386,WHI,0.33,0.042,138,0.9956,9.5,Cl1
a1387,WHI,0.49,0.039,116,0.9907,13.7,Cl2
a1388,WHI,0.42,0.034,85,0.99,13.4,Cl2
a1389,WHI,0.18,0.044,143,0.9918,11.3,Cl2
a1390,WHI,0.19,0.037,180,0.9926,10,Cl2
a1391,WHI,0.19,0.034,123,0.995,10.1,Cl2
a1392,WHI,0.16,0.029,81,0.99,12.2,Cl2
a1393,WHI,0.42,0.034,85,0.99,13.4,Cl2
a1394,WHI,0.135,0.042,101,0.9946,9.3,Cl2
a1395,WHI,0.49,0.039,116,0.9907,13.7,Cl2
a1396,WHI,0.19,0.039,98,0.9898,12.3,Cl2
a1397,WHI,0.18,0.044,143,0.9918,11.3,Cl2
a1398,WHI,0.25,0.05,200,0.9986,8.9,Cl2
a1399,WHI,0.25,0.05,200,0.9986,8.9,Cl2
a1400,WHI,0.2,0.035,83,0.9928,11.5,Cl2
a1401,WHI,0.25,0.05,200,0.9986,8.9,Cl2
a1402,WHI,0.67,0.052,222,0.9979,9.3,Cl2
a1403,WHI,0.4,0.044,122,0.994,11.1,Cl3
a1404,WHI,0.26,0.044,128,0.9937,10.9,Cl3
a1405,WHI,0.31,0.043,73,0.9938,11.6,Cl1
a1406,WHI,0.39,0.069,117,0.9942,10.2,Cl1
a1407,WHI,0.22,0.034,90,0.9944,10.5,Cl3
a1408,WHI,0.19,0.033,78,0.993,11.4,Cl2
a1409,WHI,0.25,0.05,200,0.9986,8.9,Cl2
a1410,WHI,0.2,0.04,118,0.9932,10.6,Cl2
a1411,WHI,0.26,0.037,97,0.9934,11.6,Cl2
a1412,WHI,0.2,0.035,83,0.9928,11.5,Cl2
a1413,WHI,0.3,0.035,155,0.9925,12.3,Cl3
a1414,WHI,0.29,0.042,124,0.9944,10.8,Cl2
a1415,WHI,0.17,0.037,130,0.9909,11.3,Cl2
a1416,WHI,0.415,0.038,63,0.9932,9.3,Cl1
a1417,WHI,0.23,0.045,128,0.9934,10,Cl2
a1418,WHI,0.55,0.057,366.5,1.0001,11,Cl1
a1419,WHI,0.35,0.044,132,0.992,10.2,Cl1
a1420,WHI,0.14,0.04,103,0.9916,10.8,Cl2
a1421,WHI,0.28,0.042,137,0.998,10.1,Cl1
a1422,WHI,0.18,0.047,90,0.9919,11.6,Cl2
a1423,WHI,0.165,0.051,105,0.9925,9.1,Cl1
a1424,WHI,0.25,0.056,225,0.9977,10,Cl1
a1425,WHI,0.29,0.042,124,0.9944,10.8,Cl2
a1426,WHI,0.22,0.052,128,0.991,11.4,Cl2
a1427,WHI,0.22,0.045,140,0.99,12.7,Cl2
a1428,WHI,0.25,0.042,156,0.9917,11.3,Cl1
a1429,WHI,0.18,0.033,81,0.9923,10.4,Cl2
a1430,WHI,0.22,0.051,87,0.9928,9.6,Cl1
a1431,WHI,0.39,0.048,119,0.9923,10.1,Cl1
a1432,WHI,0.22,0.051,87,0.9928,9.6,Cl1
a1433,WHI,0.36,0.03,94,0.9902,12.1,Cl2
a1434,WHI,0.29,0.031,99,0.9893,12.2,Cl2
a1435,WHI,0.25,0.042,156,0.9917,11.3,Cl1
a1436,WHI,0.23,0.053,94,0.9982,9.6,Cl1
a1437,WHI,0.56,0.051,243,1.0005,9.2,Cl1
a1438,WHI,0.18,0.033,81,0.9923,10.4,Cl2
a1439,WHI,0.23,0.05,210,0.9951,9.5,Cl1
a1440,WHI,0.25,0.052,226,0.9956,8.9,Cl1
a1441,WHI,0.26,0.05,162,0.998,8.8,Cl1
a1442,WHI,0.31,0.057,117,0.9928,10.5,Cl1
a1443,WHI,0.25,0.061,117,0.9938,9.4,Cl1
a1444,WHI,0.18,0.04,125,0.9914,12.2,Cl2
a1445,WHI,0.43,0.033,158,0.9955,11.3,Cl2
a1446,WHI,0.2,0.044,130,0.9924,12.2,Cl2
a1447,WHI,0.27,0.063,92,0.9911,12.2,Cl2
a1448,WHI,0.16,0.055,150,0.9917,11.2,Cl2
a1449,WHI,0.16,0.055,150,0.9917,11.2,Cl2
a1450,WHI,0.19,0.036,172,0.9932,11.5,Cl2
a1451,WHI,0.43,0.033,158,0.9955,11.3,Cl2
a1452,WHI,0.4,0.048,138,0.9929,9.3,Cl1
a1453,WHI,0.43,0.033,158,0.9955,11.3,Cl2
a1454,WHI,0.52,0.034,156,0.9958,11.8,Cl2
a1455,WHI,0.21,0.054,231,1.0012,9.2,Cl1
a1456,WHI,0.34,0.069,150,0.9968,9.2,Cl1
a1457,WHI,0.27,0.063,92,0.9911,12.2,Cl2
a1458,WHI,0.2,0.044,130,0.9924,12.2,Cl2
a1459,WHI,0.22,0.044,144,0.991,12.2,Cl2
a1460,WHI,0.11,0.048,133,0.9946,10.6,Cl2
a1461,WHI,0.17,0.05,128,0.9928,12.4,Cl2
a1462,WHI,0.145,0.048,164,0.9946,10.8,Cl2
a1463,WHI,0.16,0.055,150,0.9917,11.2,Cl2
a1464,WHI,0.19,0.051,137,0.9918,11,Cl2
a1465,WHI,0.44,0.031,151,0.9926,12.7,Cl3
a1466,WHI,0.2,0.044,163,0.9931,10.2,Cl1
a1467,WHI,0.19,0.036,172,0.9932,11.5,Cl2
a1468,WHI,0.25,0.03,96,0.9903,12.3,Cl2
a1469,WHI,0.24,0.046,60,0.9928,9.8,Cl1
a1470,WHI,0.4,0.048,138,0.9929,9.3,Cl1
a1471,WHI,0.52,0.034,156,0.9958,11.8,Cl2
a1472,WHI,0.43,0.033,158,0.9955,11.3,Cl2
a1473,WHI,0.21,0.052,48,0.9911,11.4,Cl1
a1474,WHI,0.2,0.038,128,0.9938,10.8,Cl2
a1475,WHI,0.25,0.057,85,0.9942,9.5,Cl1
a1476,WHI,0.08,0.05,148,0.9945,10.2,Cl2
a1477,WHI,0.85,0.028,184,0.9962,10.7,Cl1
a1478,WHI,0.51,0.04,104,0.992,10.8,Cl2
a1479,WHI,0.22,0.044,159,0.9927,11.5,Cl2
a1480,WHI,0.16,0.056,124,0.9948,10.7,Cl2
a1481,WHI,0.08,0.05,148,0.9945,10.2,Cl2
a1482,WHI,0.25,0.048,124,0.9942,10.1,Cl2
a1483,WHI,0.16,0.046,187,0.9952,10.4,Cl2
a1484,WHI,0.25,0.057,85,0.9942,9.5,Cl1
a1485,WHI,0.32,0.053,134,0.9958,9.1,Cl1
a1486,WHI,0.28,0.034,126,0.9918,10.6,Cl2
a1487,WHI,0.15,0.033,51,0.9932,9.4,Cl2
a1488,WHI,0.25,0.054,169,1.0004,9.8,Cl2
a1489,WHI,0.26,0.044,224,0.9972,9.5,Cl2
a1490,WHI,0.16,0.037,187,0.9998,9.3,Cl1
a1491,WHI,0.185,0.03,117,0.9918,10.3,Cl2
a1492,WHI,0.2,0.031,97,0.9918,11.1,Cl1
a1493,WHI,0.3,0.046,188,0.9964,10,Cl1
a1494,WHI,0.34,0.033,180,0.9936,12.3,Cl3
a1495,WHI,0.35,0.033,186,0.9931,12.4,Cl3
a1496,WHI,0.29,0.03,197,0.9938,12.3,Cl2
a1497,WHI,0.62,0.039,62,0.9934,10.4,Cl1
a1498,WHI,0.27,0.044,126,0.99,12.1,Cl2
a1499,WHI,0.27,0.041,86,0.9914,12.5,Cl2
a1500,WHI,0.51,0.043,155,0.9904,13,Cl2
a1501,WHI,0.19,0.03,132,0.994,11,Cl2
a1502,WHI,0.2,0.04,169,0.9938,10.1,Cl1
a1503,WHI,0.3,0.034,121,0.9933,9.2,Cl1
a1504,WHI,0.36,0.039,124,0.9909,12.6,Cl2
a1505,WHI,0.17,0.045,126,0.9942,12.2,Cl3
a1506,WHI,0.18,0.041,130,0.9945,9.8,Cl2
a1507,WHI,0.2,0.051,205,0.9954,11,Cl2
a1508,WHI,0.26,0.044,160,0.996,10,Cl2
a1509,WHI,0.21,0.06,170,0.9991,9.8,Cl2
a1510,WHI,0.2,0.053,144,0.993,10.5,Cl1
a1511,WHI,0.18,0.061,145,0.9942,10,Cl1
a1512,WHI,0.23,0.042,126,0.9934,11.2,Cl2
a1513,WHI,0.22,0.034,134,0.9939,11,Cl2
a1514,WHI,0.22,0.031,161,0.9937,11.2,Cl2
a1515,WHI,0.19,0.03,132,0.994,11,Cl2
a1516,WHI,0.155,0.039,136,0.9926,10.5,Cl2
a1517,WHI,0.22,0.037,154,0.9951,10.6,Cl2
a1518,WHI,0.24,0.038,163,0.9952,10.6,Cl2
a1519,WHI,0.23,0.035,95,0.9935,12,Cl2
a1520,WHI,0.2,0.04,169,0.9938,10.1,Cl1
a1521,WHI,0.2,0.038,167,0.9939,10.1,Cl2
a1522,WHI,0.3,0.034,121,0.9933,9.2,Cl1
a1523,WHI,0.21,0.041,164,0.9927,11,Cl1
a1524,WHI,0.25,0.044,185,0.998,10,Cl2
a1525,WHI,0.21,0.042,158,0.9997,8.7,Cl2
a1526,WHI,0.27,0.037,156,0.9981,8.7,Cl1
a1527,WHI,0.27,0.037,156,0.992,11.1,Cl2
a1528,WHI,0.28,0.045,195,0.9954,11,Cl2
a1529,WHI,0.27,0.037,156,0.992,11.1,Cl2
a1530,WHI,0.21,0.042,158,0.9997,8.7,Cl2
a1531,WHI,0.27,0.037,156,0.9981,8.7,Cl1
a1532,WHI,0.3,0.037,174,0.9943,11.2,Cl2
a1533,WHI,0.23,0.049,209,0.9941,11.1,Cl2
a1534,WHI,0.26,0.028,107,0.9936,10.8,Cl2
a1535,WHI,0.18,0.044,176,0.9996,9,Cl2
a1536,WHI,0.15,0.031,122,0.9932,10.3,Cl2
a1537,WHI,0.13,0.028,24,0.9926,9.9,Cl1
a1538,WHI,0.28,0.04,148,0.9936,10,Cl2
a1539,WHI,0.17,0.034,106,0.992,9.8,Cl2
a1540,WHI,0.26,0.028,107,0.9936,10.8,Cl2
a1541,WHI,0.18,0.044,176,0.9996,9,Cl2
a1542,WHI,0.53,0.029,86,0.993,9.1,Cl1
a1543,WHI,0.16,0.037,104,0.9924,10.6,Cl2
a1544,WHI,0.14,0.038,99,0.9928,10.6,Cl2
a1545,WHI,0.13,0.028,24,0.9926,9.9,Cl1
a1546,WHI,0.12,0.049,152,0.9952,10.6,Cl2
a1547,WHI,0.29,0.034,156,0.9945,9.9,Cl2
a1548,WHI,0.3,0.034,158,0.9945,9.9,Cl2
a1549,WHI,0.36,0.025,102,0.9903,12.8,Cl2
a1550,WHI,0.15,0.031,122,0.9932,10.3,Cl2
a1551,WHI,0.18,0.051,157,0.9953,10.6,Cl2
a1552,WHI,0.19,0.122,129,0.9936,8.7,Cl2
a1553,WHI,0.21,0.038,152,0.9912,12.6,Cl2
a1554,WHI,0.3,0.057,156,0.9962,11,Cl2
a1555,WHI,0.42,0.056,164,0.9965,11.2,Cl2
a1556,WHI,0.24,0.032,148,0.9932,10.7,Cl2
a1557,WHI,0.23,0.036,182,0.9967,9.6,Cl2
a1558,WHI,0.18,0.051,157,0.9953,10.6,Cl2
a1559,WHI,0.43,0.045,115,0.9963,9,Cl1
a1560,WHI,0.35,0.036,56,0.992,10.5,Cl1
a1561,WHI,0.3,0.033,156,0.991,12.8,Cl2
a1562,WHI,0.28,0.059,112,0.9958,10.1,Cl1
a1563,WHI,0.34,0.027,126,0.99,12.2,Cl2
a1564,WHI,0.3,0.033,156,0.991,12.8,Cl2
a1565,WHI,0.28,0.059,112,0.9958,10.1,Cl1
a1566,WHI,0.19,0.044,117,0.9938,10.1,Cl2
a1567,WHI,0.18,0.046,158,0.9996,9.2,Cl1
a1568,WHI,0.19,0.055,110,0.9946,9.9,Cl1
a1569,WHI,0.3,0.055,188,0.9974,9.7,Cl2
a1570,WHI,0.3,0.038,157,0.9945,9.9,Cl1
a1571,WHI,0.3,0.041,159,0.9946,9.9,Cl1
a1572,WHI,0.3,0.055,188,0.9974,9.7,Cl2
a1573,WHI,0.22,0.063,168,0.9957,10.3,Cl2
a1574,WHI,0.26,0.045,116,0.9931,10.3,Cl1
a1575,WHI,0.17,0.048,108,0.9947,10.5,Cl1
a1576,WHI,0.17,0.053,182,0.9953,10.5,Cl2
a1577,WHI,0.27,0.05,74,0.9931,9.8,Cl2
a1578,WHI,0.64,0.05,128,0.9946,10.6,Cl1
a1579,WHI,0.18,0.046,168,0.9978,10.1,Cl1
a1580,WHI,0.31,0.062,191,0.9989,9,Cl1
a1581,WHI,0.31,0.046,119,1.0004,9.5,Cl1
a1582,WHI,0.3,0.039,84,0.9938,11.5,Cl2
a1583,WHI,0.24,0.039,108,0.9934,11.9,Cl2
a1584,WHI,0.18,0.046,168,0.9978,10.1,Cl1
a1585,WHI,0.25,0.045,209,0.9956,9.2,Cl2
a1586,WHI,0.3,0.039,165,0.9982,8.7,Cl1
a1587,WHI,0.31,0.042,147,0.9948,9.8,Cl1
a1588,WHI,0.25,0.045,209,0.9956,9.2,Cl2
a1589,WHI,0.3,0.039,165,0.9982,8.7,Cl1
a1590,WHI,0.27,0.036,122,0.9926,11.2,Cl2
a1591,WHI,0.14,0.028,165,0.991,12.3,Cl2
a1592,WHI,0.12,0.042,161,0.9945,10.4,Cl2
a1593,WHI,0.21,0.047,111,0.9916,10.7,Cl2
a1594,WHI,0.16,0.043,63,0.9953,10.5,Cl2
a1595,WHI,0.29,0.047,136,0.9938,9.4,Cl2
a1596,WHI,0.27,0.046,206,0.9956,9.2,Cl2
a1597,WHI,0.55,0.034,122,0.9906,11.9,Cl1
a1598,WHI,0.27,0.046,206,0.9956,9.2,Cl2
a1599,WHI,0.24,0.172,108,0.9932,9.9,Cl2
a1600,WHI,0.33,0.167,94,0.9914,11.4,Cl2
a1601,WHI,0.29,0.047,136,0.9938,9.4,Cl2
a1602,WHI,0.34,0.046,223,0.996,10.7,Cl2
a1603,WHI,0.39,0.034,77,0.9906,12.7,Cl1
a1604,WHI,0.41,0.034,53,0.98815,13.5,Cl2
a1605,WHI,0.41,0.048,137,0.9942,9.5,Cl1
a1606,WHI,0.26,0.032,113,0.9903,12.9,Cl3
a1607,WHI,0.32,0.031,109,0.9906,12.5,Cl2
a1608,WHI,0.19,0.04,118,0.9935,9.5,Cl2
a1609,WHI,0.27,0.057,235,1.0024,8.6,Cl1
a1610,WHI,0.2,0.048,212,0.9968,10,Cl2
a1611,WHI,0.32,0.031,109,0.9906,12.5,Cl2
a1612,WHI,0.26,0.04,100,0.9941,10.1,Cl2
a1613,WHI,0.26,0.027,87,0.9919,11.3,Cl2
a1614,WHI,0.14,0.035,120,0.9928,10.6,Cl2
a1615,WHI,0.29,0.035,131,0.9958,10.8,Cl1
a1616,WHI,0.19,0.047,140,0.9932,10.7,Cl2
a1617,WHI,0.34,0.045,206,0.9957,9,Cl2
a1618,WHI,0.2,0.065,143,0.9937,9.2,Cl2
a1619,WHI,0.37,0.045,243,0.9982,8.5,Cl2
a1620,WHI,0.22,0.029,128,0.9928,11.3,Cl3
a1621,WHI,0.26,0.027,87,0.9919,11.3,Cl2
a1622,WHI,0.32,0.05,131,0.9956,9.4,Cl1
a1623,WHI,0.44,0.045,169,0.9957,8.7,Cl2
a1624,WHI,0.14,0.053,118,0.9954,9.4,Cl2
a1625,WHI,0.17,0.039,131,0.993,10.5,Cl2
a1626,WHI,0.26,0.037,161,0.9954,9.7,Cl2
a1627,WHI,0.22,0.048,195,0.9987,10.2,Cl2
a1628,WHI,0.32,0.05,131,0.9956,9.4,Cl1
a1629,WHI,0.2,0.057,108,0.9928,11.5,Cl2
a1630,WHI,0.15,0.047,98,0.9951,9.6,Cl2
a1631,WHI,0.25,0.053,121,0.993,11.4,Cl1
a1632,WHI,0.2,0.057,108,0.9928,11.5,Cl2
a1633,WHI,0.28,0.041,111,0.9926,12.2,Cl3
a1634,WHI,0.19,0.037,110,0.9938,11,Cl2
a1635,WHI,0.25,0.048,228,1.0001,9.2,Cl2
a1636,WHI,0.14,0.035,126,0.9933,10.2,Cl2
a1637,WHI,0.49,0.043,149,0.9952,10,Cl1
a1638,WHI,0.12,0.042,160,0.9934,9.7,Cl2
a1639,WHI,0.47,0.239,220,0.9988,9.2,Cl1
a1640,WHI,0.22,0.042,105,0.993,10.5,Cl1
a1641,WHI,0.49,0.043,149,0.9952,10,Cl1
a1642,WHI,0.22,0.054,151,0.9948,10.1,Cl2
a1643,WHI,0.19,0.058,134,0.9998,9.1,Cl2
a1644,WHI,0.3,0.049,144,0.9971,10.2,Cl2
a1645,WHI,0.19,0.058,134,0.9998,9.1,Cl2
a1646,WHI,0.24,0.048,149,0.9962,10.5,Cl2
a1647,WHI,0.22,0.054,151,0.9948,10.1,Cl2
a1648,WHI,0.21,0.036,99,0.99,12.1,Cl2
a1649,WHI,0.3,0.045,100,0.9942,10.2,Cl1
a1650,WHI,0.26,0.058,166,0.9965,9.4,Cl1
a1651,WHI,0.31,0.044,131,0.9912,12.8,Cl2
a1652,WHI,0.42,0.076,209,0.9978,9,Cl2
a1653,WHI,0.29,0.044,118,0.9928,10.9,Cl1
a1654,WHI,0.33,0.053,176,1.0103,8.8,Cl2
a1655,WHI,0.46,0.052,184,0.9956,9,Cl1
a1656,WHI,0.28,0.046,142,0.9936,10.2,Cl1
a1657,WHI,0.15,0.048,98,0.9929,9.2,Cl1
a1658,WHI,0.4,0.06,162,0.9966,11.3,Cl2
a1659,WHI,0.31,0.05,220,0.9964,8.8,Cl1
a1660,WHI,0.325,0.049,217,0.996,9.3,Cl1
a1661,WHI,0.27,0.049,217,0.9959,9.4,Cl2
a1662,WHI,0.26,0.047,191,0.9954,10.3,Cl2
a1663,WHI,0.21,0.047,114,0.9914,10.8,Cl2
a1664,WHI,0.33,0.053,176,1.0103,8.8,Cl2
a1665,WHI,0.28,0.059,177,1.0004,9,Cl1
a1666,WHI,0.13,0.036,114,0.9911,11.5,Cl3
a1667,WHI,0.445,0.04,84,0.9938,10.8,Cl1
a1668,WHI,0.39,0.055,128,0.9927,11.8,Cl2
a1669,WHI,0.18,0.033,72,0.9922,10.5,Cl2
a1670,WHI,0.31,0.036,124,0.9924,9.9,Cl2
a1671,WHI,0.24,0.046,160,0.9963,9.8,Cl2
a1672,WHI,0.35,0.028,87,0.9936,11.4,Cl2
a1673,WHI,0.26,0.138,168,0.9951,9.3,Cl1
a1674,WHI,0.27,0.137,163,0.9951,9.3,Cl1
a1675,WHI,0.22,0.046,188,0.9955,10.3,Cl2
a1676,WHI,0.27,0.047,224,0.9961,8.9,Cl1
a1677,WHI,0.35,0.028,87,0.9936,11.4,Cl2
a1678,WHI,0.23,0.032,156,0.992,11.1,Cl2
a1679,WHI,0.3,0.045,170,0.9944,10.4,Cl2
a1680,WHI,0.35,0.034,117,0.9944,10.1,Cl1
a1681,WHI,0.32,0.054,197,1.0008,9,Cl1
a1682,WHI,0.31,0.046,212,0.9962,11.9,Cl2
a1683,WHI,0.25,0.055,205,0.9986,9,Cl2
a1684,WHI,0.25,0.055,205,0.9986,9,Cl2
a1685,WHI,0.26,0.049,195,1,9.1,Cl2
a1686,WHI,0.25,0.055,205,0.9986,9,Cl2
a1687,WHI,0.26,0.047,147,0.9982,10,Cl1
a1688,WHI,0.26,0.049,195,1,9.1,Cl2
a1689,WHI,0.25,0.041,216,0.9949,9.4,Cl1
a1690,WHI,0.16,0.034,123,0.9915,11.4,Cl2
a1691,WHI,0.43,0.05,175,0.9951,9.7,Cl1
a1692,WHI,0.25,0.055,205,0.9986,9,Cl2
a1693,WHI,0.24,0.04,213,0.9927,11.8,Cl2
a1694,WHI,0.265,0.048,198,0.9955,10.2,Cl1
a1695,WHI,0.12,0.06,150,0.9952,9.2,Cl2
a1696,WHI,0.21,0.036,132,0.9928,11,Cl2
a1697,WHI,0.32,0.041,190,0.9982,10,Cl2
a1698,WHI,0.18,0.038,190,0.9914,12.2,Cl2
a1699,WHI,0.24,0.04,213,0.9927,11.8,Cl2
a1700,WHI,0.26,0.043,175,0.9918,11.6,Cl2
a1701,WHI,0.26,0.043,121,0.9944,10.2,Cl2
a1702,WHI,0.29,0.033,208,0.9969,10.3,Cl1
a1703,WHI,0.27,0.046,114,0.9955,8.6,Cl1
a1704,WHI,0.33,0.058,151,0.9954,9.6,Cl1
a1705,WHI,0.31,0.057,148,0.9955,9.6,Cl1
a1706,WHI,0.25,0.035,127,0.9921,11.3,Cl2
a1707,WHI,0.24,0.038,157,0.9934,9.9,Cl2
a1708,WHI,0.26,0.056,179,0.9998,9.6,Cl1
a1709,WHI,0.61,0.051,161,0.9946,10.6,Cl1
a1710,WHI,0.22,0.055,180,0.9984,9.8,Cl1
a1711,WHI,0.31,0.032,67,0.9924,10.5,Cl1
a1712,WHI,0.2,0.037,120,0.9939,10.8,Cl1
a1713,WHI,0.18,0.061,178,0.995,10,Cl2
a1714,WHI,0.34,0.059,136,0.9957,10.1,Cl2
a1715,WHI,0.3,0.123,116,0.9953,9.4,Cl1
a1716,WHI,0.18,0.04,148,0.9912,11.5,Cl3
a1717,WHI,0.21,0.046,108,0.9939,10.8,Cl2
a1718,WHI,0.27,0.044,142,0.9921,9.9,Cl2
a1719,WHI,0.2,0.05,178,0.9954,9,Cl1
a1720,WHI,0.23,0.043,69,0.9933,9.4,Cl2
a1721,WHI,0.2,0.044,180,0.9941,10.8,Cl2
a1722,WHI,0.15,0.052,190,0.995,10.9,Cl2
a1723,WHI,0.4,0.041,148,0.9977,12,Cl2
a1724,WHI,0.18,0.04,148,0.9912,11.5,Cl3
a1725,WHI,0.13,0.056,122,0.9945,10.5,Cl2
a1726,WHI,0.17,0.064,152,0.9952,9.3,Cl2
a1727,WHI,0.3,0.034,97,0.9924,11.8,Cl2
a1728,WHI,0.445,0.045,212,0.9986,10,Cl2
a1729,WHI,0.3,0.123,116,0.9953,9.4,Cl1
a1730,WHI,0.22,0.036,138,0.9939,11.4,Cl2
a1731,WHI,0.23,0.031,99,0.9929,10.4,Cl2
a1732,WHI,0.34,0.055,198,0.9988,9.5,Cl2
a1733,WHI,0.545,0.031,111,0.9906,11.9,Cl1
a1734,WHI,0.3,0.041,123,0.9914,11.1,Cl2
a1735,WHI,0.16,0.057,185,0.9978,9.6,Cl2
a1736,WHI,0.32,0.042,178,0.9928,12,Cl2
a1737,WHI,0.22,0.052,104,0.9948,8.7,Cl1
a1738,WHI,0.16,0.057,185,0.9978,9.6,Cl2
a1739,WHI,0.15,0.054,101,0.9946,10,Cl1
a1740,WHI,0.29,0.032,55,0.9908,11.4,Cl1
a1741,WHI,0.37,0.061,150,0.9954,9.6,Cl2
a1742,WHI,0.38,0.038,152,0.9906,12.9,Cl2
a1743,WHI,0.25,0.039,142,0.99705,9.7,Cl2
a1744,WHI,0.3,0.042,169,0.9982,9.3,Cl2
a1745,WHI,0.22,0.133,136,0.9932,9.1,Cl1
a1746,WHI,0.34,0.053,238,0.9977,8.6,Cl1
a1747,WHI,0.22,0.05,87,0.994,9.9,Cl1
a1748,WHI,0.3,0.042,169,0.9982,9.3,Cl2
a1749,WHI,0.27,0.044,102,0.9929,10.9,Cl1
a1750,WHI,0.17,0.056,135,0.9924,10.2,Cl2
a1751,WHI,0.18,0.045,174,0.9966,9.7,Cl2
a1752,WHI,0.16,0.046,153,0.9921,11.4,Cl2
a1753,WHI,0.255,0.045,197,0.9967,9.5,Cl2
a1754,WHI,0.23,0.049,141,0.9934,10.2,Cl2
a1755,WHI,0.16,0.042,93,0.9914,11.1,Cl2
a1756,WHI,0.25,0.039,142,0.99705,9.7,Cl2
a1757,WHI,0.27,0.053,202,0.9961,9.3,Cl1
a1758,WHI,0.29,0.056,215,0.9967,8.8,Cl1
a1759,WHI,0.21,0.038,53,0.9926,10.6,Cl1
a1760,WHI,0.62,0.046,224,0.99605,9.3,Cl1
a1761,WHI,0.28,0.042,181,0.99435,10.2,Cl2
a1762,WHI,0.3,0.044,124,0.9948,10.2,Cl2
a1763,WHI,0.17,0.037,98,0.9916,11,Cl2
a1764,WHI,0.21,0.037,112,0.997,9.6,Cl2
a1765,WHI,0.27,0.053,202,0.9961,9.3,Cl1
a1766,WHI,0.29,0.056,215,0.9967,8.8,Cl1
a1767,WHI,0.32,0.054,209,0.9961,8.8,Cl1
a1768,WHI,0.32,0.051,179,0.9955,8.9,Cl1
a1769,WHI,0.37,0.048,144,0.9922,10,Cl1
a1770,WHI,0.43,0.046,102,0.9918,12.2,Cl2
a1771,WHI,0.39,0.059,181,0.9955,10.9,Cl2
a1772,WHI,0.18,0.041,141,0.9941,9.5,Cl2
a1773,WHI,0.4,0.059,178,0.9955,10.9,Cl2
a1774,WHI,0.39,0.059,181,0.9955,10.9,Cl2
a1775,WHI,0.19,0.054,99,0.9924,10.8,Cl2
a1776,WHI,0.49,0.03,135,0.9973,12,Cl2
a1777,WHI,0.25,0.069,163,0.999,9.8,Cl1
a1778,WHI,0.18,0.041,141,0.9941,9.5,Cl2
a1779,WHI,0.15,0.034,150,0.9922,11,Cl3
a1780,WHI,0.15,0.034,150,0.9922,11,Cl3
a1781,WHI,0.17,0.052,150,0.9953,9.8,Cl1
a1782,WHI,0.32,0.051,200,0.9945,10.5,Cl1
a1783,WHI,0.21,0.034,142,0.9945,11.4,Cl2
a1784,WHI,0.45,0.067,100,0.9957,10.1,Cl2
a1785,WHI,0.24,0.038,127,0.9932,11.6,Cl2
a1786,WHI,0.21,0.034,142,0.9945,11.4,Cl2
a1787,WHI,0.33,0.04,115,0.9913,11.8,Cl2
a1788,WHI,0.26,0.033,158,0.9909,12.1,Cl2
a1789,WHI,0.36,0.035,122,0.9939,12,Cl1
a1790,WHI,0.2,0.026,189,0.991,12.1,Cl2
a1791,WHI,0.16,0.042,176,0.9954,9.1,Cl1
a1792,WHI,0.33,0.054,117,0.9943,9.3,Cl1
a1793,WHI,0.22,0.056,153,0.993,10.4,Cl2
a1794,WHI,0.35,0.062,187,1.0002,9.1,Cl1
a1795,WHI,0.37,0.064,120,0.9946,9.4,Cl1
a1796,WHI,0.37,0.061,149,0.9953,9.6,Cl2
a1797,WHI,0.37,0.037,126,0.9918,12,Cl1
a1798,WHI,0.25,0.039,128,0.9936,11.3,Cl3
a1799,WHI,0.23,0.073,173,0.9984,8.7,Cl2
a1800,WHI,0.26,0.04,162,0.9956,9.9,Cl2
a1801,WHI,0.3,0.049,191,0.9966,9.3,Cl2
a1802,WHI,0.16,0.042,67,0.9942,9.5,Cl1
a1803,WHI,0.23,0.073,173,0.9984,8.7,Cl2
a1804,WHI,0.26,0.04,162,0.9956,9.9,Cl2
a1805,WHI,0.3,0.049,191,0.9966,9.3,Cl2
a1806,WHI,0.33,0.065,119,0.9974,9.4,Cl1
a1807,WHI,0.38,0.046,116,0.9944,9.4,Cl1
a1808,WHI,0.2,0.053,184,1.0008,8.8,Cl2
a1809,WHI,0.33,0.065,119,0.9974,9.4,Cl1
a1810,WHI,0.2,0.053,184,1.0008,8.8,Cl2
a1811,WHI,0.36,0.049,184,0.9928,9.9,Cl2
a1812,WHI,0.38,0.046,116,0.9944,9.4,Cl1
a1813,WHI,0.46,0.042,72,0.9908,12.6,Cl2
a1814,WHI,0.15,0.038,110,0.9917,11.1,Cl2
a1815,WHI,0.42,0.03,100,0.9911,12.8,Cl2
a1816,WHI,0.3,0.038,164,0.9912,12,Cl2
a1817,WHI,0.27,0.029,131,0.9953,12,Cl2
a1818,WHI,0.5,0.034,114,0.9932,9.2,Cl1
a1819,WHI,0.26,0.032,96,0.9896,12.3,Cl2
a1820,WHI,0.33,0.032,131,0.9889,13,Cl2
a1821,WHI,0.3,0.038,164,0.9912,12,Cl2
a1822,WHI,0.29,0.035,110,0.9926,10.9,Cl1
a1823,WHI,0.42,0.03,100,0.9911,12.8,Cl2
a1824,WHI,0.19,0.054,231,0.9964,10,Cl2
a1825,WHI,0.32,0.033,165,0.9974,9,Cl1
a1826,WHI,0.32,0.034,84,0.9944,10.4,Cl1
a1827,WHI,0.32,0.033,165,0.9974,9,Cl1
a1828,WHI,0.19,0.054,231,0.9964,10,Cl2
a1829,WHI,0.17,0.051,240,0.9963,10,Cl2
a1830,WHI,0.44,0.031,167,0.9948,11.3,Cl2
a1831,WHI,0.44,0.031,167,0.9948,11.3,Cl2
a1832,WHI,0.49,0.03,153,0.9953,12,Cl2
a1833,WHI,0.44,0.031,167,0.9948,11.3,Cl2
a1834,WHI,0.49,0.03,153,0.9953,12,Cl2
a1835,WHI,0.21,0.044,160,0.9949,10.6,Cl2
a1836,WHI,0.55,0.211,213,0.9988,9.3,Cl1
a1837,WHI,0.19,0.123,104,0.9954,9.4,Cl2
a1838,WHI,0.24,0.037,102,0.992,11,Cl2
a1839,WHI,0.34,0.052,247,0.9984,9.3,Cl2
a1840,WHI,0.19,0.123,104,0.9954,9.4,Cl2
a1841,WHI,0.18,0.054,164,0.9926,10.5,Cl1
a1842,WHI,0.24,0.037,102,0.992,11,Cl2
a1843,WHI,0.18,0.039,249,0.9976,9.5,Cl2
a1844,WHI,0.28,0.059,139,0.9972,11.2,Cl2
a1845,WHI,0.34,0.029,94,0.991,12.3,Cl2
a1846,WHI,0.44,0.049,157,0.998,9,Cl1
a1847,WHI,0.26,0.041,180,0.9966,9,Cl1
a1848,WHI,0.44,0.049,157,0.998,9,Cl1
a1849,WHI,0.49,0.052,243,1.0007,9,Cl1
a1850,WHI,0.24,0.042,189,0.992,11.4,Cl2
a1851,WHI,0.25,0.046,181,0.9925,11,Cl2
a1852,WHI,0.34,0.029,94,0.991,12.3,Cl2
a1853,WHI,0.18,0.049,127,0.9934,10.4,Cl2
a1854,WHI,0.27,0.058,107,0.9955,10.3,Cl1
a1855,WHI,0.24,0.048,172,0.9944,10.5,Cl2
a1856,WHI,0.22,0.053,197,0.9981,9.8,Cl2
a1857,WHI,0.91,0.056,181,0.9968,10,Cl1
a1858,WHI,0.34,0.056,176,0.9946,9.7,Cl1
a1859,WHI,0.33,0.056,171,0.9946,9.7,Cl1
a1860,WHI,0.22,0.053,197,0.9981,9.8,Cl2
a1861,WHI,0.18,0.046,161,0.9946,10.5,Cl2
a1862,WHI,0.2,0.054,186,0.997,10,Cl2
a1863,WHI,0.13,0.054,104,0.9924,11.5,Cl2
a1864,WHI,0.28,0.049,202,0.9958,9.5,Cl1
a1865,WHI,0.25,0.042,122,0.994,10.5,Cl2
a1866,WHI,0.36,0.255,142,0.9958,10.2,Cl2
a1867,WHI,0.27,0.05,199,0.9984,9.8,Cl2
a1868,WHI,0.37,0.031,137,0.9948,11.6,Cl2
a1869,WHI,0.21,0.031,144,0.9932,11.8,Cl2
a1870,WHI,0.18,0.035,140,0.9952,10.1,Cl2
a1871,WHI,0.19,0.049,163,0.9924,10.3,Cl2
a1872,WHI,0.21,0.048,168,0.9945,10.4,Cl2
a1873,WHI,0.33,0.047,166,0.9976,8.9,Cl1
a1874,WHI,0.33,0.047,166,0.9976,8.9,Cl1
a1875,WHI,0.29,0.034,154,0.9938,10.8,Cl1
a1876,WHI,0.31,0.058,165,0.9997,9.2,Cl1
a1877,WHI,0.19,0.053,140,0.994,9.6,Cl2
a1878,WHI,0.2,0.032,78,0.9921,10.4,Cl2
a1879,WHI,0.25,0.043,248,0.9986,8.7,Cl2
a1880,WHI,0.2,0.043,103,0.9987,9.2,Cl2
a1881,WHI,0.3,0.045,213,0.9991,9.2,Cl1
a1882,WHI,0.2,0.043,103,0.9987,9.2,Cl2
a1883,WHI,0.3,0.045,213,0.9991,9.2,Cl1
a1884,WHI,0.3,0.045,213,0.9991,9.2,Cl1
a1885,WHI,0.22,0.029,124,0.9948,10.2,Cl1
a1886,WHI,0.2,0.043,103,0.9987,9.2,Cl2
a1887,WHI,0.53,0.036,107,0.993,9,Cl1
a1888,WHI,0.24,0.05,178,0.9988,9.7,Cl1
a1889,WHI,0.24,0.049,185,1,9.6,Cl1
a1890,WHI,0.15,0.036,112,0.9932,10,Cl1
a1891,WHI,0.3,0.045,213,0.9991,9.2,Cl1
a1892,WHI,0.33,0.045,197,0.9989,9.1,Cl1
a1893,WHI,0.24,0.046,142,1,8.7,Cl1
a1894,WHI,0.24,0.046,142,1,8.7,Cl1
a1895,WHI,0.35,0.056,161,0.9952,9.5,Cl1
a1896,WHI,0.26,0.039,212,0.9969,9.5,Cl2
a1897,WHI,0.29,0.037,166,0.9966,8.9,Cl2
a1898,WHI,0.29,0.037,166,0.9966,8.9,Cl2
a1899,WHI,0.31,0.053,89,0.9976,9.9,Cl2
a1900,WHI,0.44,0.03,104,0.99,12.6,Cl2
a1901,WHI,0.23,0.033,166,0.9988,9.7,Cl2
a1902,WHI,0.21,0.039,118,0.9942,10.4,Cl1
a1903,WHI,0.23,0.04,183,0.9984,9.1,Cl2
a1904,WHI,0.34,0.04,106,0.9932,10.4,Cl1
a1905,WHI,0.26,0.039,212,0.9969,9.5,Cl2
a1906,WHI,0.29,0.037,166,0.9966,8.9,Cl2
a1907,WHI,0.28,0.037,120,0.9933,10.6,Cl1
a1908,WHI,0.37,0.029,158,0.9916,12,Cl2
a1909,WHI,0.36,0.038,98,0.9914,12.5,Cl2
a1910,WHI,0.13,0.062,126,0.9966,9.6,Cl1
a1911,WHI,0.25,0.045,180,0.9958,9.2,Cl1
a1912,WHI,0.18,0.041,71,0.9926,9.9,Cl2
a1913,WHI,0.3,0.036,112,0.9939,11.7,Cl2
a1914,WHI,0.23,0.049,153,0.9953,9.6,Cl2
a1915,WHI,0.43,0.033,135,0.9906,12,Cl2
a1916,WHI,0.36,0.038,98,0.9914,12.5,Cl2
a1917,WHI,0.25,0.045,180,0.9958,9.2,Cl1
a1918,WHI,0.18,0.041,71,0.9926,9.9,Cl2
a1919,WHI,0.35,0.044,177,0.9991,8.9,Cl2
a1920,WHI,0.22,0.049,189,0.9994,9,Cl2
a1921,WHI,0.26,0.052,158,0.9976,10.2,Cl2
a1922,WHI,0.13,0.062,126,0.9966,9.6,Cl1
a1923,WHI,0.12,0.055,127,0.9953,9.4,Cl1
a1924,WHI,0.37,0.028,59,0.9923,10.4,Cl1
a1925,WHI,0.26,0.032,106,0.993,10.4,Cl1
a1926,WHI,0.2,0.204,97,0.9931,10,Cl2
a1927,WHI,0.22,0.208,96,0.9932,10,Cl2
a1928,WHI,0.25,0.052,169,0.9926,10.5,Cl1
a1929,WHI,0.27,0.047,193,0.9938,11.4,Cl2
a1930,WHI,0.34,0.036,172,0.9966,10.2,Cl1
a1931,WHI,0.27,0.043,228,0.9974,10.4,Cl2
a1932,WHI,0.49,0.047,307.5,0.9924,11,Cl1
a1933,WHI,0.71,0.042,93,0.9948,10.1,Cl2
a1934,WHI,0.47,0.083,182,0.9964,9.2,Cl1
a1935,WHI,0.28,0.04,87,0.9924,10.3,Cl2
a1936,WHI,0.34,0.036,172,0.9966,10.2,Cl1
a1937,WHI,0.27,0.043,228,0.9974,10.4,Cl2
a1938,WHI,0.13,0.08,172,0.9938,11.1,Cl2
a1939,WHI,0.16,0.031,84,0.9928,9.9,Cl1
a1940,WHI,0.31,0.052,143,0.9959,9,Cl1
a1941,WHI,0.36,0.052,256,1.0001,8.6,Cl1
a1942,WHI,0.31,0.052,143,0.9959,9,Cl1
a1943,WHI,0.36,0.052,256,1.0001,8.6,Cl1
a1944,WHI,0.25,0.041,195,0.9968,9.5,Cl1
a1945,WHI,0.45,0.051,197,0.9932,9,Cl1
a1946,WHI,0.26,0.049,152,0.9954,10,Cl2
a1947,WHI,0.22,0.066,158,0.9992,9,Cl2
a1948,WHI,0.45,0.051,197,0.9932,9,Cl1
a1949,WHI,0.19,0.046,135,0.9939,10.2,Cl2
a1950,WHI,0.31,0.054,160,0.9952,9.6,Cl1
a1951,WHI,0.25,0.036,219,0.9996,9.7,Cl1
a1952,WHI,1.005,0.046,185,0.9966,10.2,Cl1
a1953,WHI,0.31,0.028,142,0.9925,13,Cl2
a1954,WHI,0.24,0.044,172,0.996,10.8,Cl2
a1955,WHI,0.25,0.036,219,0.9996,9.7,Cl1
a1956,WHI,0.29,0.063,169,0.9973,9,Cl1
a1957,WHI,0.15,0.027,63,0.9937,9.9,Cl1
a1958,WHI,0.12,0.058,89,0.9966,9.2,Cl2
a1959,WHI,0.32,0.056,238,1.0017,8.7,Cl2
a1960,WHI,0.17,0.024,91,0.993,10.1,Cl1
a1961,WHI,0.17,0.024,91,0.993,10.1,Cl1
a1962,WHI,0.21,0.039,123,0.9959,9.5,Cl1
a1963,WHI,0.21,0.041,99,0.9958,9.9,Cl1
a1964,WHI,0.32,0.056,238,1.0017,8.7,Cl2
a1965,WHI,0.31,0.046,173,0.9958,9,Cl1
a1966,WHI,0.27,0.076,163,0.9979,8.6,Cl2
a1967,WHI,0.21,0.047,114,0.9941,10.5,Cl2
a1968,WHI,0.23,0.044,186,0.997,9.5,Cl2
a1969,WHI,0.2,0.047,142,0.9934,10.1,Cl2
a1970,WHI,0.41,0.03,164,0.9927,11.7,Cl2
a1971,WHI,0.49,0.036,116,0.9944,10.7,Cl2
a1972,WHI,0.41,0.03,164,0.9927,11.7,Cl2
a1973,WHI,0.2,0.086,133,0.9963,9.2,Cl1
a1974,WHI,0.26,0.084,139,1.0011,8.8,Cl1
a1975,WHI,0.26,0.084,139,1.0011,8.8,Cl1
a1976,WHI,0.27,0.048,197,0.9959,9.5,Cl2
a1977,WHI,0.28,0.057,208,0.9973,10.2,Cl1
a1978,WHI,0.2,0.048,143,0.9966,9.1,Cl2
a1979,WHI,0.33,0.044,103,0.9932,10.5,Cl2
a1980,WHI,0.38,0.042,184,0.9984,9,Cl2
a1981,WHI,0.2,0.056,212.5,0.999,8.9,Cl3
a1982,WHI,0.2,0.056,212.5,0.999,8.9,Cl3
a1983,WHI,0.2,0.056,212.5,0.999,8.9,Cl3
a1984,WHI,0.2,0.056,212.5,0.999,8.9,Cl3
a1985,WHI,0.2,0.056,212.5,0.999,8.9,Cl3
a1986,WHI,0.19,0.049,181,1.0006,9.1,Cl2
a1987,WHI,0.16,0.047,151,0.9937,10.1,Cl2
a1988,WHI,0.22,0.043,176,0.9954,10,Cl1
a1989,WHI,0.22,0.043,201,0.997,9.5,Cl2
a1990,WHI,0.33,0.034,102,0.9912,12.3,Cl2
a1991,WHI,0.43,0.054,110,0.9939,9.1,Cl1
a1992,WHI,0.2,0.056,212.5,0.999,8.9,Cl3
a1993,WHI,0.12,0.057,103,0.9957,9.6,Cl1
a1994,WHI,0.3,0.053,180,0.9926,11.6,Cl2
a1995,WHI,0.28,0.043,168,0.9994,8.8,Cl2
a1996,WHI,0.2,0.055,170,1.0004,8.9,Cl2
a1997,WHI,0.28,0.043,168,0.9994,8.8,Cl2
a1998,WHI,0.2,0.055,170,1.0004,8.9,Cl2
a1999,WHI,0.2,0.055,170,1.0004,8.9,Cl2
a2000,WHI,0.18,0.055,197,1.0002,9,Cl2
a2001,WHI,0.31,0.04,145,0.9922,10,Cl1
a2002,WHI,0.31,0.038,147,0.9922,10,Cl1
a2003,WHI,0.17,0.047,154,0.9934,11.1,Cl2
a2004,WHI,0.3,0.053,180,0.9926,11.6,Cl2
a2005,WHI,0.26,0.043,178,0.9941,10.6,Cl2
a2006,WHI,0.28,0.043,168,0.9994,8.8,Cl2
a2007,WHI,0.2,0.055,170,1.0004,8.9,Cl2
a2008,WHI,0.18,0.038,84,0.9924,10.1,Cl2
a2009,WHI,0.15,0.043,159,0.9948,10,Cl1
a2010,WHI,0.4,0.034,98,0.9935,12.2,Cl2
a2011,WHI,0.25,0.035,95,0.9918,11,Cl2
a2012,WHI,0.15,0.043,159,0.9948,10,Cl1
a2013,WHI,0.18,0.064,160,0.9924,11.1,Cl1
a2014,WHI,0.32,0.046,133,0.9979,10.4,Cl2
a2015,WHI,0.55,0.026,71,0.993,11.8,Cl1
a2016,WHI,0.19,0.028,84,0.994,10.8,Cl2
a2017,WHI,0.41,0.023,110,0.991,12.5,Cl2
a2018,WHI,0.55,0.026,71,0.993,11.8,Cl1
a2019,WHI,0.2,0.049,136,0.9922,11.6,Cl2
a2020,WHI,0.32,0.046,133,0.9979,10.4,Cl2
a2021,WHI,0.26,0.05,163,0.9937,11.5,Cl2
a2022,WHI,0.21,0.051,142,0.9928,10.1,Cl2
a2023,WHI,0.34,0.04,215,0.9965,9.2,Cl2
a2024,WHI,0.21,0.051,142,0.9928,10.1,Cl2
a2025,WHI,0.43,0.168,190,0.9991,9.2,Cl1
a2026,WHI,0.3,0.16,149,0.9948,8.9,Cl1
a2027,WHI,0.26,0.179,60,0.9925,10.1,Cl1
a2028,WHI,0.32,0.046,180,0.9958,8.9,Cl1
a2029,WHI,0.21,0.037,150,0.9962,9.7,Cl2
a2030,WHI,0.34,0.04,215,0.9965,9.2,Cl2
a2031,WHI,0.42,0.034,145,0.9951,11,Cl2
a2032,WHI,0.29,0.042,160,0.9944,10.7,Cl1
a2033,WHI,0.25,0.024,101,0.9916,10.8,Cl2
a2034,WHI,0.23,0.049,183,0.9987,9.8,Cl1
a2035,WHI,0.35,0.038,124,0.9928,11,Cl1
a2036,WHI,0.2,0.018,72,0.9926,10.4,Cl1
a2037,WHI,0.27,0.046,155,0.9934,10.2,Cl2
a2038,WHI,0.29,0.042,160,0.9944,10.7,Cl1
a2039,WHI,0.14,0.029,104,0.9949,9,Cl1
a2040,WHI,0.24,0.042,71,0.9926,10.6,Cl1
a2041,WHI,0.3,0.032,212,0.997,9.5,Cl2
a2042,WHI,0.14,0.029,104,0.9949,9,Cl1
a2043,WHI,0.13,0.028,104,0.9948,9.2,Cl2
a2044,WHI,0.18,0.03,107,0.992,11,Cl2
a2045,WHI,0.385,0.034,115,0.9964,9.9,Cl2
a2046,WHI,0.24,0.042,71,0.9926,10.6,Cl1
a2047,WHI,0.33,0.046,126,0.9982,9.3,Cl1
a2048,WHI,0.34,0.052,156,0.9955,9.6,Cl1
a2049,WHI,0.33,0.05,155,0.9955,9.5,Cl1
a2050,WHI,0.28,0.031,172,0.9958,9.7,Cl2
a2051,WHI,0.23,0.034,123,0.9997,9.7,Cl1
a2052,WHI,0.21,0.042,146,1.0001,8.7,Cl1
a2053,WHI,0.21,0.042,146,1.0001,8.7,Cl1
a2054,WHI,0.485,0.026,101,0.9918,12.4,Cl1
a2055,WHI,0.485,0.026,101,0.9918,12.4,Cl1
a2056,WHI,0.29,0.029,155,0.9931,10.6,Cl2
a2057,WHI,0.21,0.042,146,1.0001,8.7,Cl1
a2058,WHI,0.31,0.031,151,0.9926,12,Cl2
a2059,WHI,0.29,0.044,227,0.9966,9,Cl1
a2060,WHI,0.46,0.04,169,0.9932,8.8,Cl1
a2061,WHI,0.28,0.04,223,0.9969,9.5,Cl1
a2062,WHI,0.23,0.036,96,0.9925,10.8,Cl2
a2063,WHI,0.17,0.047,132,0.9914,11.4,Cl1
a2064,WHI,0.18,0.049,123,0.996,10.3,Cl1
a2065,WHI,0.22,0.042,180,0.9952,9.5,Cl2
a2066,WHI,0.27,0.05,127,0.9934,9.9,Cl1
a2067,WHI,0.28,0.051,142,0.9939,10.2,Cl1
a2068,WHI,0.29,0.051,146,0.9939,10.2,Cl1
a2069,WHI,0.32,0.029,104,0.9906,11,Cl2
a2070,WHI,0.33,0.03,126,0.9901,12.1,Cl2
a2071,WHI,0.34,0.057,173,0.9948,9.1,Cl2
a2072,WHI,0.19,0.04,140,0.995,9.5,Cl2
a2073,WHI,0.23,0.043,164,0.9953,9.5,Cl1
a2074,WHI,0.27,0.045,189,0.9953,9.8,Cl1
a2075,WHI,0.22,0.042,180,0.9952,9.5,Cl2
a2076,WHI,0.18,0.049,123,0.996,10.3,Cl1
a2077,WHI,0.36,0.039,124,0.9948,9.6,Cl1
a2078,WHI,0.22,0.055,198,0.9951,10.2,Cl2
a2079,WHI,0.17,0.042,119,0.9931,10.5,Cl2
a2080,WHI,0.45,0.044,117,0.9962,10.4,Cl1
a2081,WHI,0.36,0.039,124,0.9948,9.6,Cl1
a2082,WHI,0.42,0.046,95,0.9959,10.7,Cl1
a2083,WHI,0.33,0.036,119,0.9962,10.5,Cl2
a2084,WHI,0.3,0.029,111,0.9958,10.6,Cl1
a2085,WHI,0.17,0.053,150,0.9948,9.6,Cl2
a2086,WHI,0.17,0.053,150,0.9948,9.6,Cl2
a2087,WHI,0.17,0.05,101,0.994,9.5,Cl1
a2088,WHI,0.17,0.049,153,0.9942,9.4,Cl2
a2089,WHI,0.15,0.046,130,0.9942,9.8,Cl2
a2090,WHI,0.17,0.053,150,0.9948,9.6,Cl2
a2091,WHI,0.25,0.044,172,0.9964,9.2,Cl1
a2092,WHI,0.24,0.045,176,0.9958,9.5,Cl1
a2093,WHI,0.76,0.043,93,0.9932,9.2,Cl1
a2094,WHI,0.22,0.052,136,0.9986,9.4,Cl1
a2095,WHI,0.22,0.052,136,0.9986,9.4,Cl1
a2096,WHI,0.28,0.048,146,0.9988,9.3,Cl1
a2097,WHI,0.32,0.05,129,0.9953,9.1,Cl1
a2098,WHI,0.24,0.046,145,0.9983,9.5,Cl1
a2099,WHI,0.18,0.056,163,1,9.1,Cl2
a2100,WHI,0.16,0.043,153,0.9951,10.6,Cl1
a2101,WHI,0.24,0.046,145,0.9983,9.5,Cl1
a2102,WHI,0.28,0.042,85,0.9906,12.4,Cl2
a2103,WHI,0.34,0.047,237,0.9981,8.7,Cl1
a2104,WHI,0.27,0.056,128,0.9936,8.8,Cl1
a2105,WHI,0.16,0.043,153,0.9951,10.6,Cl1
a2106,WHI,0.32,0.05,129,0.9953,9.1,Cl1
a2107,WHI,0.24,0.057,234,1.0005,9,Cl1
a2108,WHI,0.24,0.048,141,0.9972,10.3,Cl2
a2109,WHI,0.18,0.056,163,1,9.1,Cl2
a2110,WHI,0.23,0.038,186,0.9969,9.5,Cl2
a2111,WHI,0.22,0.05,138,1.0001,8.8,Cl1
a2112,WHI,0.22,0.05,138,1.0001,8.8,Cl1
a2113,WHI,0.22,0.05,138,1.0001,8.8,Cl1
a2114,WHI,0.33,0.05,93,0.9934,9.9,Cl1
a2115,WHI,0.23,0.038,186,0.9969,9.5,Cl2
a2116,WHI,0.22,0.05,138,1.0001,8.8,Cl1
a2117,WHI,0.2,0.034,68,0.9902,11.7,Cl1
a2118,WHI,0.26,0.04,117,0.993,10.8,Cl1
a2119,WHI,0.2,0.041,126,0.9914,12,Cl2
a2120,WHI,0.16,0.033,122,0.9941,10.3,Cl1
a2121,WHI,0.25,0.076,154,0.9967,9,Cl1
a2122,WHI,0.39,0.035,109,0.9918,12.2,Cl2
a2123,WHI,0.26,0.051,173,0.998,9.9,Cl1
a2124,WHI,0.25,0.076,154,0.9967,9,Cl1
a2125,WHI,0.39,0.035,109,0.9918,12.2,Cl2
a2126,WHI,0.28,0.048,163,0.9957,10.1,Cl1
a2127,WHI,0.43,0.056,174,0.9986,9.3,Cl1
a2128,WHI,0.33,0.062,344,0.9958,9.5,Cl1
a2129,WHI,0.5,0.054,146,0.9948,9.2,Cl2
a2130,WHI,0.28,0.036,115,0.9918,11.7,Cl1
a2131,WHI,0.35,0.04,144,0.9923,11,Cl1
a2132,WHI,0.22,0.056,158,0.9998,9.6,Cl2
a2133,WHI,0.22,0.056,158,0.9998,9.6,Cl2
a2134,WHI,0.24,0.03,162,0.9914,11.9,Cl2
a2135,WHI,0.26,0.041,118,0.9939,10.8,Cl2
a2136,WHI,0.16,0.054,224,0.9966,10.1,Cl1
a2137,WHI,0.18,0.058,132,0.995,10.9,Cl2
a2138,WHI,0.16,0.054,224,0.9966,10.1,Cl1
a2139,WHI,0.24,0.06,102,0.994,10.4,Cl1
a2140,WHI,0.33,0.056,105,0.9972,9.2,Cl1
a2141,WHI,0.28,0.056,117,0.9998,9.6,Cl1
a2142,WHI,0.28,0.056,117,0.9998,9.6,Cl1
a2143,WHI,0.26,0.047,179,0.9982,9,Cl1
a2144,WHI,0.14,0.037,89,0.9924,11.5,Cl2
a2145,WHI,0.21,0.053,145,0.9972,10.2,Cl2
a2146,WHI,0.2,0.054,165,0.997,9.9,Cl2
a2147,WHI,0.115,0.056,105,0.9954,9.6,Cl2
a2148,WHI,0.29,0.04,142,0.9962,10.6,Cl1
a2149,WHI,0.33,0.056,105,0.9972,9.2,Cl1
a2150,WHI,0.24,0.038,99,0.9921,11.8,Cl2
a2151,WHI,0.24,0.035,102,0.9905,12.2,Cl2
a2152,WHI,0.28,0.056,117,0.9998,9.6,Cl1
a2153,WHI,0.22,0.052,76,0.993,10.6,Cl2
a2154,WHI,0.18,0.054,91,0.9941,10.3,Cl2
a2155,WHI,0.93,0.052,187,0.9994,10.2,Cl1
a2156,WHI,0.29,0.035,181,0.9962,10.7,Cl1
a2157,WHI,0.28,0.038,76,0.992,11.7,Cl1
a2158,WHI,0.25,0.031,92,0.9922,12,Cl2
a2159,WHI,0.18,0.048,105,0.994,10.6,Cl2
a2160,WHI,0.24,0.031,61,0.9897,12.2,Cl1
a2161,WHI,0.33,0.04,124,0.9954,11,Cl2
a2162,WHI,0.37,0.03,79,0.99,12.4,Cl2
a2163,WHI,0.49,0.087,115,0.9948,9.4,Cl2
a2164,WHI,0.25,0.031,92,0.9922,12,Cl2
a2165,WHI,0.22,0.028,130,0.998,11.6,Cl1
a2166,WHI,0.35,0.069,162,0.9944,9.4,Cl1
a2167,WHI,0.35,0.069,162,0.9944,9.4,Cl1
a2168,WHI,0.19,0.053,229,0.9986,9.1,Cl2
a2169,WHI,0.19,0.053,229,0.9986,9.1,Cl2
a2170,WHI,0.19,0.053,229,0.9986,9.1,Cl2
a2171,WHI,0.19,0.053,229,0.9986,9.1,Cl2
a2172,WHI,0.19,0.053,229,0.9986,9.1,Cl2
a2173,WHI,0.32,0.042,117,0.996,9.2,Cl1
a2174,WHI,0.32,0.05,163,0.9999,9.2,Cl1
a2175,WHI,0.19,0.053,229,0.9986,9.1,Cl2
a2176,WHI,0.19,0.053,212,0.9986,9.1,Cl2
a2177,WHI,0.32,0.042,117,0.996,9.2,Cl1
a2178,WHI,0.34,0.06,126,0.9951,9,Cl2
a2179,WHI,0.32,0.05,163,0.9999,9.2,Cl1
a2180,WHI,0.24,0.047,106,0.993,10.8,Cl2
a2181,WHI,0.36,0.053,146,0.9982,9.5,Cl2
a2182,WHI,0.29,0.044,114,0.992,11,Cl2
a2183,WHI,0.32,0.041,146,0.9963,10,Cl1
a2184,WHI,0.3,0.04,141,0.995,9.5,Cl1
a2185,WHI,0.33,0.041,109,0.9956,10.1,Cl2
a2186,WHI,0.18,0.051,94,0.997,9.5,Cl2
a2187,WHI,0.39,0.217,74,0.9936,9.5,Cl1
a2188,WHI,0.25,0.056,137,0.9935,9.5,Cl1
a2189,WHI,0.18,0.052,90,0.9963,9.4,Cl2
a2190,WHI,0.18,0.048,125,0.9967,9.4,Cl2
a2191,WHI,0.27,0.044,110,0.9912,12.7,Cl2
a2192,WHI,0.23,0.037,145,0.9981,9.7,Cl1
a2193,WHI,0.28,0.058,153,0.9966,9.7,Cl2
a2194,WHI,0.18,0.048,125,0.9967,9.4,Cl2
a2195,WHI,0.18,0.052,90,0.9963,9.4,Cl2
a2196,WHI,0.25,0.056,137,0.9935,9.5,Cl1
a2197,WHI,0.22,0.037,71,0.9902,11.7,Cl2
a2198,WHI,0.18,0.036,101,0.99,11.7,Cl2
a2199,WHI,0.26,0.051,187,0.996,9.7,Cl1
a2200,WHI,0.25,0.049,231,0.9966,9.5,Cl2
a2201,WHI,0.24,0.069,157,0.9962,9.1,Cl1
a2202,WHI,0.28,0.051,147,0.994,10.3,Cl2
a2203,WHI,0.26,0.051,187,0.996,9.7,Cl1
a2204,WHI,0.24,0.058,167,0.994,9.9,Cl1
a2205,WHI,0.27,0.059,175,0.9944,9.9,Cl1
a2206,WHI,0.39,0.056,178,0.9974,10.2,Cl1
a2207,WHI,0.24,0.035,132,0.996,12.1,Cl2
a2208,WHI,0.23,0.045,138,0.9922,11.3,Cl2
a2209,WHI,0.26,0.031,128,0.9917,11.4,Cl1
a2210,WHI,0.32,0.039,125,0.9918,12.2,Cl2
a2211,WHI,0.24,0.058,150,0.9936,9.9,Cl2
a2212,WHI,0.21,0.056,136,0.9938,10.3,Cl2
a2213,WHI,0.32,0.039,125,0.9918,12.2,Cl2
a2214,WHI,0.17,0.047,107,0.9939,10.4,Cl2
a2215,WHI,0.26,0.031,128,0.9917,11.4,Cl1
a2216,WHI,0.28,0.041,161,0.9981,9.9,Cl2
a2217,WHI,0.3,0.051,96,0.9941,10,Cl1
a2218,WHI,0.25,0.051,129,0.9928,11.5,Cl2
a2219,WHI,0.28,0.041,163,0.9952,10.5,Cl2
a2220,WHI,0.24,0.027,134,0.9898,12.5,Cl2
a2221,WHI,0.22,0.045,120,0.9914,10.5,Cl2
a2222,WHI,0.28,0.041,161,0.9981,9.9,Cl2
a2223,WHI,0.45,0.051,157,0.9957,11.4,Cl2
a2224,WHI,0.23,0.056,169,0.998,9.8,Cl2
a2225,WHI,0.45,0.051,157,0.9957,11.4,Cl2
a2226,WHI,0.23,0.067,166,0.9986,9.2,Cl1
a2227,WHI,0.28,0.046,177,0.9983,8.9,Cl1
a2228,WHI,0.27,0.046,179,0.9982,8.9,Cl1
a2229,WHI,0.2,0.042,124,0.997,9.5,Cl2
a2230,WHI,0.25,0.034,150,0.9947,11.5,Cl2
a2231,WHI,0.2,0.042,124,0.997,9.5,Cl2
a2232,WHI,0.25,0.034,150,0.9947,11.5,Cl2
a2233,WHI,0.2,0.054,89,0.99416,9.5,Cl2
a2234,WHI,0.39,0.049,164,0.99516,9.7,Cl1
a2235,WHI,0.23,0.067,90,0.99496,9.7,Cl1
a2236,WHI,0.44,0.048,147,0.9974,9.5,Cl2
a2237,WHI,0.28,0.04,184,0.99579,9.4,Cl1
a2238,WHI,0.34,0.06,162,0.9983,9,Cl1
a2239,WHI,0.15,0.046,151,0.99471,10.6,Cl2
a2240,WHI,0.44,0.048,147,0.9974,9.5,Cl2
a2241,WHI,0.29,0.042,180,0.99644,9.1,Cl1
a2242,WHI,0.28,0.04,184,0.99579,9.4,Cl1
a2243,WHI,0.23,0.094,169,0.99699,8.8,Cl1
a2244,WHI,0.23,0.047,171,0.99758,10.4,Cl1
a2245,WHI,0.36,0.043,228,0.9977,8.9,Cl1
a2246,WHI,0.31,0.031,141,0.99397,10.6,Cl2
a2247,WHI,0.34,0.06,162,0.9983,9,Cl1
a2248,WHI,0.15,0.046,151,0.99471,10.6,Cl2
a2249,WHI,0.2,0.047,100,0.99243,10.6,Cl2
a2250,WHI,0.27,0.048,186,0.9962,9,Cl1
a2251,WHI,0.34,0.06,235,1.00182,8.8,Cl2
a2252,WHI,0.18,0.042,101,0.99384,10.5,Cl2
a2253,WHI,0.29,0.046,174,0.99582,9.5,Cl1
a2254,WHI,0.27,0.048,186,0.9962,9,Cl1
a2255,WHI,0.26,0.049,172,0.9924,10.4,Cl2
a2256,WHI,0.21,0.046,133,0.99466,10,Cl2
a2257,WHI,0.14,0.039,128,0.99212,10.4,Cl1
a2258,WHI,0.39,0.157,132,0.99449,9,Cl2
a2259,WHI,0.48,0.049,205,0.99748,9.3,Cl1
a2260,WHI,0.39,0.157,132,0.99449,9,Cl2
a2261,WHI,0.48,0.049,205,0.99748,9.3,Cl1
a2262,WHI,0.36,0.061,134,0.99475,9,Cl2
a2263,WHI,0.25,0.032,61,0.99189,11.5,Cl2
a2264,WHI,0.3,0.056,159,0.99827,9,Cl1
a2265,WHI,0.19,0.045,154,0.99752,10.4,Cl2
a2266,WHI,0.3,0.056,159,0.99827,9,Cl1
a2267,WHI,0.42,0.027,167,0.99479,10.6,Cl1
a2268,WHI,0.19,0.045,154,0.99752,10.4,Cl2
a2269,WHI,0.2,0.034,152,0.99642,8.5,Cl2
a2270,WHI,0.19,0.055,169,1.00047,9.3,Cl2
a2271,WHI,0.19,0.051,107,0.99382,10.5,Cl2
a2272,WHI,0.25,0.06,156,0.99784,9.9,Cl2
a2273,WHI,0.25,0.035,108,0.99486,10.4,Cl2
a2274,WHI,0.46,0.053,94,0.99537,10.1,Cl1
a2275,WHI,0.19,0.051,107,0.99382,10.5,Cl2
a2276,WHI,0.29,0.067,178,0.99838,9.2,Cl1
a2277,WHI,0.31,0.043,200,0.99566,9.4,Cl2
a2278,WHI,0.14,0.033,91,0.99268,10.6,Cl2
a2279,WHI,0.31,0.043,200,0.99566,9.4,Cl2
a2280,WHI,0.4,0.148,149,0.99468,8.7,Cl1
a2281,WHI,0.16,0.047,77,0.9933,10.2,Cl2
a2282,WHI,0.16,0.046,66,0.99307,10.3,Cl2
a2283,WHI,0.33,0.049,210,0.99907,9.5,Cl1
a2284,WHI,0.33,0.049,210,0.99907,9.5,Cl1
a2285,WHI,0.33,0.049,210,0.99907,9.5,Cl1
a2286,WHI,0.33,0.049,210,0.99907,9.5,Cl1
a2287,WHI,0.41,0.158,144,0.99471,9.4,Cl1
a2288,WHI,0.43,0.157,145,0.99471,9.4,Cl1
a2289,WHI,0.33,0.049,210,0.99907,9.5,Cl1
a2290,WHI,0.4,0.037,97,0.99148,12.6,Cl2
a2291,WHI,0.18,0.047,106,0.99383,10.5,Cl2
a2292,WHI,0.17,0.047,150,0.99365,10.8,Cl2
a2293,WHI,0.32,0.054,208,0.99272,9.9,Cl2
a2294,WHI,0.4,0.037,97,0.99148,12.6,Cl2
a2295,WHI,0.32,0.031,115,0.99235,12.2,Cl2
a2296,WHI,0.42,0.041,150,0.99508,10,Cl2
a2297,WHI,0.28,0.04,168,0.9946,10.6,Cl2
a2298,WHI,0.29,0.042,202,0.99674,9.5,Cl2
a2299,WHI,0.41,0.027,109,0.99018,12.8,Cl3
a2300,WHI,0.32,0.031,115,0.99235,12.2,Cl2
a2301,WHI,0.3,0.043,125,0.99084,12.6,Cl2
a2302,WHI,0.22,0.058,125,0.99856,9.4,Cl1
a2303,WHI,0.26,0.055,194,0.99591,9,Cl1
a2304,WHI,0.44,0.051,126,0.9975,9.1,Cl1
a2305,WHI,0.42,0.06,168,0.9944,9.4,Cl2
a2306,WHI,0.36,0.04,143,0.99173,12.2,Cl2
a2307,WHI,0.295,0.049,134,0.99378,10,Cl1
a2308,WHI,0.21,0.053,159,0.99805,9.2,Cl1
a2309,WHI,0.28,0.045,139,0.99534,9.3,Cl1
a2310,WHI,0.28,0.035,126,0.99232,9.8,Cl2
a2311,WHI,0.21,0.053,159,0.99805,9.2,Cl1
a2312,WHI,0.22,0.036,132,0.99078,12,Cl2
a2313,WHI,0.28,0.045,139,0.99534,9.3,Cl1
a2314,WHI,0.32,0.029,80,0.99061,12.6,Cl2
a2315,WHI,0.19,0.032,127,0.99182,12.2,Cl2
a2316,WHI,0.42,0.061,144,0.9966,11,Cl2
a2317,WHI,0.2,0.038,116,0.9912,12,Cl2
a2318,WHI,0.24,0.045,153,0.99779,8.8,Cl1
a2319,WHI,0.26,0.046,164,0.99814,8.9,Cl1
a2320,WHI,0.4,0.035,84,0.99096,12.7,Cl2
a2321,WHI,0.2,0.037,130,0.99379,11.8,Cl2
a2322,WHI,0.445,0.053,178,0.99426,10.2,Cl1
a2323,WHI,0.41,0.036,121,0.99228,9.9,Cl2
a2324,WHI,0.2,0.041,148,0.99335,11.1,Cl2
a2325,WHI,0.3,0.045,190,0.99595,9.4,Cl1
a2326,WHI,0.35,0.049,119,0.99297,9.7,Cl2
a2327,WHI,0.35,0.038,111,0.99687,9.7,Cl1
a2328,WHI,0.35,0.049,119,0.99297,9.7,Cl2
a2329,WHI,0.35,0.038,111,0.99687,9.7,Cl1
a2330,WHI,0.3,0.054,175,0.99445,9.8,Cl1
a2331,WHI,0.38,0.05,209,0.9986,9.3,Cl2
a2332,WHI,0.3,0.032,161,0.99154,10.5,Cl1
a2333,WHI,0.4,0.049,209,0.9981,9.3,Cl2
a2334,WHI,0.37,0.024,106,0.98993,12.6,Cl3
a2335,WHI,0.23,0.058,212,1.00241,8.9,Cl1
a2336,WHI,0.27,0.048,118,0.99716,10.3,Cl1
a2337,WHI,0.26,0.041,198,0.99437,10.6,Cl1
a2338,WHI,0.28,0.067,180,0.9972,9,Cl1
a2339,WHI,0.34,0.051,167,0.99756,9.7,Cl1
a2340,WHI,0.23,0.041,90,0.99509,9.5,Cl2
a2341,WHI,0.29,0.06,156,0.99572,10.3,Cl2
a2342,WHI,0.34,0.051,167,0.99756,9.7,Cl1
a2343,WHI,0.4,0.034,95,0.99175,12.3,Cl3
a2344,WHI,0.17,0.032,149,0.99254,10.5,Cl1
a2345,WHI,0.23,0.041,90,0.99509,9.5,Cl2
a2346,WHI,0.24,0.043,211,0.99676,10,Cl2
a2347,WHI,0.28,0.039,179,0.9979,8.8,Cl1
a2348,WHI,0.23,0.031,98,0.99194,10.9,Cl2
a2349,WHI,0.26,0.029,141,0.99077,12.2,Cl2
a2350,WHI,0.46,0.168,184,0.99782,9.5,Cl1
a2351,WHI,0.31,0.048,212,0.99942,10,Cl1
a2352,WHI,0.25,0.04,202,0.99708,9.6,Cl2
a2353,WHI,0.28,0.06,126,0.99353,8.7,Cl2
a2354,WHI,0.18,0.044,89,0.99256,10.7,Cl2
a2355,WHI,0.21,0.046,66,0.99199,11.1,Cl2
a2356,WHI,0.48,0.024,130,0.9918,12.5,Cl2
a2357,WHI,0.34,0.051,130,0.99354,10.4,Cl2
a2358,WHI,0.21,0.028,93,0.99244,11.5,Cl1
a2359,WHI,0.32,0.04,221,0.99831,9.4,Cl1
a2360,WHI,0.495,0.157,129,0.99396,9.3,Cl1
a2361,WHI,0.25,0.05,121,0.99724,10.1,Cl2
a2362,WHI,0.25,0.05,102,0.99524,9.7,Cl1
a2363,WHI,0.18,0.035,144,0.9927,10.5,Cl2
a2364,WHI,0.24,0.053,182,0.99802,9.7,Cl1
a2365,WHI,0.32,0.06,204,0.99512,9.2,Cl1
a2366,WHI,0.32,0.092,138,0.99438,9.8,Cl1
a2367,WHI,0.33,0.05,227,0.99679,9,Cl1
a2368,WHI,0.3,0.05,188,0.99652,9.1,Cl2
a2369,WHI,0.34,0.037,169,0.99698,10.4,Cl2
a2370,WHI,0.16,0.03,144,0.99474,10.7,Cl2
a2371,WHI,0.1,0.039,107,0.99511,10.5,Cl2
a2372,WHI,0.45,0.099,202,0.99582,9.2,Cl1
a2373,WHI,0.33,0.036,85,0.99125,11.5,Cl1
a2374,WHI,0.48,0.034,57,0.99256,10.4,Cl1
a2375,WHI,0.2,0.039,188,0.9911,12,Cl2
a2376,WHI,0.32,0.036,150,0.99168,12.2,Cl2
a2377,WHI,0.2,0.039,188,0.9911,12,Cl2
a2378,WHI,0.22,0.05,90,0.99556,9.8,Cl2
a2379,WHI,0.23,0.063,282,1.00098,9.3,Cl1
a2380,WHI,0.27,0.084,191,0.99516,9.6,Cl1
a2381,WHI,0.27,0.085,196,0.99516,9.5,Cl1
a2382,WHI,0.23,0.042,144,0.99518,10.2,Cl2
a2383,WHI,0.15,0.029,107,0.99347,10.4,Cl3
a2384,WHI,0.26,0.025,74,0.9929,11,Cl2
a2385,WHI,0.15,0.029,107,0.99347,10.4,Cl3
a2386,WHI,0.2,0.042,160,0.99841,8.7,Cl1
a2387,WHI,0.3,0.053,189,0.99362,9.9,Cl1
a2388,WHI,0.3,0.053,186,0.99361,9.9,Cl1
a2389,WHI,0.21,0.041,106,0.9914,11.3,Cl1
a2390,WHI,0.46,0.042,83,0.99114,12,Cl3
a2391,WHI,0.28,0.042,130,0.9925,10.7,Cl3
a2392,WHI,0.24,0.043,156,0.99453,10.1,Cl2
a2393,WHI,0.17,0.091,135,0.9938,9.6,Cl2
a2394,WHI,0.17,0.093,136,0.9938,9.6,Cl2
a2395,WHI,0.695,0.056,252,0.99806,8.7,Cl1
a2396,WHI,0.27,0.059,199,0.9961,10.3,Cl1
a2397,WHI,0.3,0.047,218,1.00016,9.1,Cl1
a2398,WHI,0.19,0.037,101,0.9916,11.8,Cl2
a2399,WHI,0.36,0.024,93,0.99116,11.9,Cl2
a2400,WHI,0.16,0.046,77,0.99319,10.3,Cl2
a2401,WHI,0.19,0.047,104,0.99517,10,Cl1
a2402,WHI,0.16,0.044,107,0.99514,10.2,Cl1
a2403,WHI,0.26,0.038,202,0.99566,10,Cl2
a2404,WHI,0.33,0.034,125,0.99166,12.7,Cl2
a2405,WHI,0.16,0.046,130,0.99587,9.6,Cl1
a2406,WHI,0.23,0.044,188,0.99558,9.5,Cl1
a2407,WHI,0.44,0.033,100,0.99117,12.7,Cl2
a2408,WHI,0.31,0.036,109,0.99399,11,Cl2
a2409,WHI,0.705,0.044,214,0.99741,9.1,Cl1
a2410,WHI,0.21,0.034,111,0.99405,10.2,Cl1
a2411,WHI,0.16,0.047,220,0.99622,10.1,Cl2
a2412,WHI,0.27,0.045,208,1.00051,9.2,Cl2
a2413,WHI,0.38,0.08,212,0.99803,9.4,Cl1
a2414,WHI,0.21,0.034,111,0.99405,10.2,Cl1
a2415,WHI,0.38,0.095,195,0.99773,9.2,Cl1
a2416,WHI,0.24,0.05,106,0.99397,10,Cl1
a2417,WHI,0.16,0.047,220,0.99622,10.1,Cl2
a2418,WHI,0.815,0.044,204,0.99713,9,Cl1
a2419,WHI,0.41,0.032,98,0.99274,9.5,Cl1
a2420,WHI,0.36,0.07,207,1.00118,9.1,Cl1
a2421,WHI,0.4,0.031,118,0.99176,13.3,Cl2
a2422,WHI,0.26,0.045,198,0.9969,9.5,Cl1
a2423,WHI,0.44,0.096,210,0.99771,9.2,Cl1
a2424,WHI,0.24,0.036,117,0.99411,10.1,Cl2
a2425,WHI,0.44,0.096,210,0.99771,9.2,Cl1
a2426,WHI,0.24,0.036,117,0.99411,10.1,Cl2
a2427,WHI,0.22,0.04,172,0.99194,11.2,Cl2
a2428,WHI,0.34,0.04,230,0.99558,9.8,Cl2
a2429,WHI,0.22,0.04,172,0.99194,11.2,Cl2
a2430,WHI,0.34,0.04,230,0.99558,9.8,Cl2
a2431,WHI,0.28,0.042,195,0.99577,9.4,Cl1
a2432,WHI,0.29,0.045,177,0.99564,9,Cl1
a2433,WHI,0.27,0.044,198,0.99578,9.4,Cl1
a2434,WHI,0.35,0.054,229,0.99888,8.9,Cl2
a2435,WHI,0.28,0.045,253,1.00014,9.1,Cl2
a2436,WHI,0.35,0.034,148,0.99441,9.8,Cl1
a2437,WHI,0.43,0.056,183,0.99594,9.4,Cl1
a2438,WHI,0.26,0.05,150,0.99437,10,Cl2
a2439,WHI,0.43,0.056,183,0.99594,9.4,Cl1
a2440,WHI,0.27,0.042,130,0.9979,9.9,Cl2
a2441,WHI,0.46,0.147,159,0.99434,10,Cl1
a2442,WHI,0.2,0.028,168,0.99203,11.5,Cl2
a2443,WHI,0.285,0.063,201,0.998,9.2,Cl1
a2444,WHI,0.32,0.052,219.5,0.99316,10,Cl1
a2445,WHI,0.285,0.063,201,0.998,9.2,Cl1
a2446,WHI,0.34,0.051,210,0.99314,10,Cl1
a2447,WHI,0.32,0.052,210,0.99316,10,Cl1
a2448,WHI,0.27,0.042,133,0.99612,9.8,Cl2
a2449,WHI,0.26,0.04,114,0.99295,10.5,Cl2
a2450,WHI,0.27,0.043,181,0.99394,10.6,Cl2
a2451,WHI,0.56,0.037,157,0.99642,9.4,Cl1
a2452,WHI,0.56,0.037,157,0.99642,9.4,Cl1
a2453,WHI,0.19,0.027,136,0.99248,11,Cl2
a2454,WHI,0.2,0.027,141,0.99268,10.8,Cl2
a2455,WHI,0.29,0.036,201,0.99954,9,Cl1
a2456,WHI,0.32,0.031,194,0.99692,9.6,Cl2
a2457,WHI,0.33,0.037,156,0.99592,10.6,Cl2
a2458,WHI,0.33,0.037,156,0.99592,10.6,Cl2
a2459,WHI,0.32,0.031,194,0.99692,9.6,Cl2
a2460,WHI,0.33,0.045,147,0.99822,9.2,Cl1
a2461,WHI,0.33,0.045,147,0.99822,9.2,Cl1
a2462,WHI,0.26,0.053,71,0.99402,9.5,Cl1
a2463,WHI,0.25,0.053,72,0.99404,9.5,Cl1
a2464,WHI,0.26,0.039,184,0.99787,10.3,Cl2
a2465,WHI,0.26,0.053,124,0.99347,8.8,Cl1
a2466,WHI,0.28,0.041,161,0.99838,8.7,Cl1
a2467,WHI,0.27,0.04,159,0.99839,8.7,Cl1
a2468,WHI,0.28,0.038,128,0.99375,10.2,Cl2
a2469,WHI,0.16,0.029,77,0.99155,10.1,Cl2
a2470,WHI,0.34,0.049,118,0.9936,9.5,Cl1
a2471,WHI,0.25,0.056,176,0.99434,9.5,Cl1
a2472,WHI,0.35,0.022,174,0.9922,11.6,Cl2
a2473,WHI,0.24,0.032,97,0.99571,10.7,Cl2
a2474,WHI,0.29,0.043,142,0.99658,10.1,Cl2
a2475,WHI,0.27,0.035,83,0.99076,11.1,Cl2
a2476,WHI,0.56,0.071,117,0.99496,9.8,Cl1
a2477,WHI,0.29,0.142,148,0.9937,9,Cl2
a2478,WHI,0.27,0.035,83,0.99076,11.1,Cl2
a2479,WHI,0.27,0.047,215,0.99542,9.5,Cl2
a2480,WHI,0.24,0.052,143,0.99825,9.4,Cl2
a2481,WHI,0.32,0.049,113,0.99289,10.2,Cl1
a2482,WHI,0.37,0.041,216.5,0.99432,9.8,Cl2
a2483,WHI,0.26,0.047,201,0.99523,9.5,Cl2
a2484,WHI,0.27,0.047,215,0.99542,9.5,Cl2
a2485,WHI,0.3,0.05,191,0.9959,9,Cl1
a2486,WHI,0.28,0.045,204,0.99543,10.1,Cl2
a2487,WHI,0.24,0.079,122,0.99662,8.8,Cl1
a2488,WHI,0.27,0.034,122,0.99088,11.9,Cl2
a2489,WHI,0.27,0.034,122,0.99088,11.9,Cl2
a2490,WHI,0.28,0.074,174,0.99922,9.3,Cl2
a2491,WHI,0.39,0.036,110,0.9966,10,Cl2
a2492,WHI,0.2,0.075,201,0.99466,9.5,Cl1
a2493,WHI,0.28,0.074,174,0.99922,9.3,Cl2
a2494,WHI,0.31,0.054,139,0.99836,9.7,Cl1
a2495,WHI,0.31,0.054,139,0.99836,9.7,Cl1
a2496,WHI,0.18,0.043,155,0.99238,10.2,Cl1
a2497,WHI,0.23,0.031,96,0.99645,10.8,Cl1
a2498,WHI,0.21,0.046,133,1,8.8,Cl1
a2499,WHI,0.21,0.046,133,1,8.8,Cl1
a2500,WHI,0.26,0.039,175,0.99376,11.4,Cl2
a2501,WHI,0.21,0.046,133,1,8.8,Cl1
a2502,WHI,0.31,0.039,191,0.99513,9.8,Cl1
a2503,WHI,0.34,0.045,119,0.99556,9.4,Cl1
a2504,WHI,0.34,0.045,119,0.99556,9.4,Cl1
a2505,WHI,0.3,0.054,174,0.99543,9.4,Cl2
a2506,WHI,0.4,0.053,194,0.99886,9.4,Cl2
a2507,WHI,0.32,0.044,212,0.99526,9.7,Cl2
a2508,WHI,0.34,0.032,140,0.99166,12.3,Cl2
a2509,WHI,0.26,0.045,178,0.99691,9.8,Cl2
a2510,WHI,0.27,0.053,134,0.99732,9,Cl1
a2511,WHI,0.28,0.045,203,0.99573,9.2,Cl2
a2512,WHI,0.3,0.058,215,0.99656,9.4,Cl2
a2513,WHI,0.175,0.043,67,0.99112,9.9,Cl2
a2514,WHI,0.34,0.032,145,0.99214,9.8,Cl1
a2515,WHI,0.34,0.029,148,0.99165,12.3,Cl2
a2516,WHI,0.12,0.018,37,0.99004,11.9,Cl2
a2517,WHI,0.32,0.038,170,0.99463,10.2,Cl2
a2518,WHI,0.51,0.034,224,0.99683,9.5,Cl2
a2519,WHI,0.12,0.018,37,0.99004,11.9,Cl2
a2520,WHI,0.24,0.04,216,0.99596,9.2,Cl1
a2521,WHI,0.41,0.054,174,0.99898,9.7,Cl1
a2522,WHI,0.18,0.029,138,0.99114,11.5,Cl2
a2523,WHI,0.17,0.121,162,0.99508,10.4,Cl3
a2524,WHI,0.2,0.053,174,0.99306,11.6,Cl1
a2525,WHI,0.41,0.054,174,0.99898,9.7,Cl1
a2526,WHI,0.17,0.121,162,0.99508,10.4,Cl3
a2527,WHI,0.18,0.029,138,0.99114,11.5,Cl2
a2528,WHI,0.16,0.036,108,0.99342,10.2,Cl2
a2529,WHI,0.16,0.037,109,0.99345,9.8,Cl2
a2530,WHI,0.42,0.044,158,0.99772,9,Cl1
a2531,WHI,0.3,0.036,163,0.99239,10.5,Cl2
a2532,WHI,0.54,0.049,178,0.99502,9.4,Cl1
a2533,WHI,0.54,0.049,178,0.99502,9.4,Cl1
a2534,WHI,0.22,0.046,149,0.99479,10.8,Cl1
a2535,WHI,0.23,0.043,95,0.99207,10.7,Cl2
a2536,WHI,0.26,0.029,162,0.99497,10.6,Cl2
a2537,WHI,0.23,0.046,110,0.99828,9.2,Cl2
a2538,WHI,0.28,0.032,142,0.99542,9.5,Cl2
a2539,WHI,0.28,0.032,142,0.99542,9.5,Cl2
a2540,WHI,0.27,0.028,111,0.99228,10,Cl1
a2541,WHI,0.29,0.03,177,0.99706,10.6,Cl1
a2542,WHI,0.26,0.029,162,0.99497,10.6,Cl2
a2543,WHI,0.27,0.029,166,0.99669,10.6,Cl1
a2544,WHI,0.23,0.046,110,0.99828,9.2,Cl2
a2545,WHI,0.32,0.036,117,0.99269,11,Cl2
a2546,WHI,0.22,0.041,159,0.99196,11.2,Cl2
a2547,WHI,0.5,0.046,175,0.99662,9.6,Cl1
a2548,WHI,0.33,0.052,128,0.99475,9.4,Cl1
a2549,WHI,0.26,0.045,209,0.99544,9.5,Cl2
a2550,WHI,0.2,0.052,188,0.99944,9.3,Cl1
a2551,WHI,0.33,0.052,128,0.99475,9.4,Cl1
a2552,WHI,0.26,0.045,209,0.99544,9.5,Cl2
a2553,WHI,0.36,0.046,110,0.9966,9.4,Cl1
a2554,WHI,0.13,0.043,146,0.99066,11.2,Cl2
a2555,WHI,0.15,0.043,150,0.9907,11.2,Cl2
a2556,WHI,0.13,0.043,146,0.99066,11.2,Cl2
a2557,WHI,0.23,0.033,170,0.998,8.8,Cl1
a2558,WHI,0.15,0.043,150,0.9907,11.2,Cl2
a2559,WHI,0.13,0.043,146,0.99066,11.2,Cl2
a2560,WHI,0.255,0.079,137,0.99307,9.4,Cl1
a2561,WHI,0.32,0.03,103,0.99106,11.1,Cl2
a2562,WHI,0.28,0.052,131,0.99696,9.6,Cl1
a2563,WHI,0.32,0.03,103,0.99106,11.1,Cl2
a2564,WHI,0.255,0.079,137,0.99307,9.4,Cl1
a2565,WHI,0.41,0.037,160,0.99167,10.6,Cl2
a2566,WHI,0.37,0.048,240,0.99902,8.9,Cl1
a2567,WHI,0.21,0.021,80,0.98992,12.3,Cl2
a2568,WHI,0.24,0.028,132,0.99182,11.4,Cl1
a2569,WHI,0.28,0.043,207,0.99556,9.6,Cl2
a2570,WHI,0.24,0.034,135,0.99582,10.3,Cl2
a2571,WHI,0.24,0.028,132,0.99182,11.4,Cl1
a2572,WHI,0.16,0.032,80,0.98972,12.1,Cl2
a2573,WHI,0.14,0.026,56,0.99352,9.9,Cl1
a2574,WHI,0.34,0.035,185,0.9946,9.7,Cl1
a2575,WHI,0.26,0.043,154,0.99273,10.5,Cl1
a2576,WHI,0.17,0.038,182,0.99628,8.9,Cl2
a2577,WHI,0.27,0.039,227,0.99582,9.4,Cl1
a2578,WHI,0.25,0.037,206,0.99553,9.6,Cl1
a2579,WHI,0.3,0.014,104,0.98914,12.6,Cl2
a2580,WHI,0.28,0.156,106,0.99354,9.2,Cl2
a2581,WHI,0.3,0.053,174,0.99976,10.4,Cl1
a2582,WHI,0.18,0.062,171,0.99808,9,Cl2
a2583,WHI,0.18,0.062,171,0.99808,9,Cl2
a2584,WHI,0.18,0.062,171,0.99808,9,Cl2
a2585,WHI,0.18,0.062,171,0.99808,9,Cl2
a2586,WHI,0.18,0.062,171,0.99808,9,Cl2
a2587,WHI,0.18,0.062,171,0.99808,9,Cl2
a2588,WHI,0.14,0.039,89,0.9919,9.2,Cl2
a2589,WHI,0.18,0.062,171,0.99808,9,Cl2
a2590,WHI,0.615,0.068,154,0.99499,9.7,Cl1
a2591,WHI,0.13,0.05,132,0.99655,10.1,Cl2
a2592,WHI,0.34,0.059,152,0.99615,11,Cl2
a2593,WHI,0.32,0.038,144,0.99296,10.8,Cl1
a2594,WHI,0.21,0.048,147,0.99482,10.8,Cl1
a2595,WHI,0.5,0.028,107,0.99079,13.5,Cl2
a2596,WHI,0.52,0.042,167,0.99366,10.6,Cl1
a2597,WHI,0.28,0.046,208,0.99434,9.8,Cl1
a2598,WHI,0.22,0.023,115,0.98958,11.7,Cl2
a2599,WHI,0.28,0.046,208,0.99434,9.8,Cl1
a2600,WHI,0.32,0.034,185,0.99938,9,Cl2
a2601,WHI,0.11,0.042,132,0.99059,11.3,Cl2
a2602,WHI,0.26,0.031,185,0.99835,9.4,Cl1
a2603,WHI,0.22,0.023,115,0.98958,11.7,Cl2
a2604,WHI,0.3,0.025,107,0.99159,11.3,Cl2
a2605,WHI,0.3,0.025,107,0.99159,11.3,Cl2
a2606,WHI,0.2,0.019,28,0.98931,12,Cl2
a2607,WHI,0.2,0.028,157,0.9938,10.6,Cl2
a2608,WHI,0.26,0.024,202,0.99558,10.8,Cl2
a2609,WHI,0.25,0.024,209,0.99563,10.8,Cl2
a2610,WHI,0.2,0.019,28,0.98931,12,Cl2
a2611,WHI,0.27,0.053,177,0.99691,9.4,Cl1
a2612,WHI,0.3,0.038,219,0.9959,9.4,Cl1
a2613,WHI,0.3,0.025,107,0.99159,11.3,Cl2
a2614,WHI,0.36,0.05,140,0.99628,9.4,Cl1
a2615,WHI,0.21,0.021,80,0.99076,12,Cl1
a2616,WHI,0.18,0.039,129,0.99678,10.3,Cl2
a2617,WHI,0.18,0.039,129,0.99678,10.3,Cl2
a2618,WHI,0.18,0.039,129,0.99678,10.3,Cl2
a2619,WHI,0.26,0.026,126,0.99089,11.3,Cl2
a2620,WHI,0.35,0.063,150,0.99537,9.4,Cl2
a2621,WHI,0.28,0.041,144,1.0002,8.7,Cl1
a2622,WHI,0.36,0.05,140,0.99628,9.4,Cl1
a2623,WHI,0.26,0.026,126,0.99089,11.3,Cl2
a2624,WHI,0.18,0.039,129,0.99678,10.3,Cl2
a2625,WHI,0.21,0.021,80,0.99076,12,Cl1
a2626,WHI,0.19,0.033,159,0.99332,8,Cl1
a2627,WHI,0.24,0.033,136,0.99316,10.4,Cl2
a2628,WHI,0.17,0.029,128,0.99272,10.7,Cl2
a2629,WHI,0.24,0.03,219,0.99636,10.2,Cl2
a2630,WHI,0.6,0.044,197,0.99202,10.9,Cl1
a2631,WHI,0.445,0.027,109,0.99148,10.5,Cl2
a2632,WHI,0.28,0.012,100,0.99064,11.7,Cl2
a2633,WHI,0.44,0.065,186,0.99884,8.6,Cl1
a2634,WHI,0.24,0.034,174,0.99773,9,Cl1
a2635,WHI,0.31,0.044,191,1.00013,8.7,Cl1
a2636,WHI,0.32,0.062,87,0.98974,12.8,Cl2
a2637,WHI,0.24,0.034,174,0.99773,9,Cl1
a2638,WHI,0.31,0.044,191,1.00013,8.7,Cl1
a2639,WHI,0.13,0.023,104,0.99112,11.8,Cl2
a2640,WHI,0.14,0.034,84,0.99136,11.6,Cl2
a2641,WHI,0.2,0.028,89,0.99132,11.8,Cl2
a2642,WHI,0.15,0.042,158,0.99642,10.6,Cl1
a2643,WHI,0.23,0.066,91,0.99488,9.7,Cl1
a2644,WHI,0.33,0.047,151,0.99527,10.3,Cl1
a2645,WHI,0.17,0.119,178,0.99578,10.2,Cl2
a2646,WHI,0.12,0.048,113,0.99352,10.1,Cl2
a2647,WHI,0.18,0.046,71,0.99199,10.9,Cl2
a2648,WHI,0.15,0.037,127,0.99198,9.3,Cl1
a2649,WHI,0.23,0.057,144,0.99756,10.2,Cl2
a2650,WHI,0.17,0.119,178,0.99578,10.2,Cl2
a2651,WHI,0.34,0.066,162,0.99561,9.5,Cl1
a2652,WHI,0.68,0.069,146,0.99347,9.3,Cl1
a2653,WHI,0.22,0.018,80,0.98936,12.9,Cl2
a2654,WHI,0.28,0.042,148,0.99786,8.7,Cl1
a2655,WHI,0.4,0.081,303,0.99705,9.4,Cl1
a2656,WHI,0.19,0.034,204,0.9942,10.1,Cl1
a2657,WHI,0.23,0.039,196,0.9948,10,Cl1
a2658,WHI,0.14,0.05,129,0.99116,11.1,Cl2
a2659,WHI,0.15,0.052,158,0.99688,10.3,Cl2
a2660,WHI,0.15,0.033,73,0.98974,12.2,Cl2
a2661,WHI,0.33,0.067,156,0.99542,9.3,Cl2
a2662,WHI,0.3,0.041,178,0.99154,11.3,Cl2
a2663,WHI,0.23,0.043,110,0.99118,10.8,Cl2
a2664,WHI,0.13,0.033,86,0.99044,11.2,Cl3
a2665,WHI,0.21,0.03,91,0.9914,12.5,Cl2
a2666,WHI,0.4,0.05,122,0.9979,9.3,Cl1
a2667,WHI,0.34,0.03,142,0.98892,12.9,Cl2
a2668,WHI,0.12,0.039,131,0.99114,11.2,Cl2
a2669,WHI,0.655,0.039,120,0.99188,12.6,Cl2
a2670,WHI,0.26,0.046,179,0.99583,9.3,Cl1
a2671,WHI,0.34,0.03,142,0.98892,12.9,Cl2
a2672,WHI,0.3,0.03,142,0.98892,12.9,Cl2
a2673,WHI,0.15,0.049,120,0.99704,9.5,Cl2
a2674,WHI,0.37,0.037,24,0.9911,11.9,Cl2
a2675,WHI,0.35,0.032,120,0.99334,10.3,Cl2
a2676,WHI,0.32,0.033,120,0.99334,10.3,Cl2
a2677,WHI,0.1,0.031,93,0.99094,11.2,Cl2
a2678,WHI,0.25,0.03,150,0.99014,12,Cl2
a2679,WHI,0.31,0.042,144,0.99304,9.6,Cl1
a2680,WHI,0.18,0.041,110,0.99652,9.2,Cl2
a2681,WHI,0.17,0.029,119,0.98944,12.9,Cl2
a2682,WHI,0.19,0.061,149,0.99772,9.3,Cl2
a2683,WHI,0.32,0.03,136,0.99367,12.1,Cl2
a2684,WHI,0.31,0.042,144,0.99304,9.6,Cl1
a2685,WHI,0.21,0.026,128,0.99183,11.2,Cl2
a2686,WHI,0.16,0.029,98,0.99126,11.2,Cl2
a2687,WHI,0.17,0.029,119,0.98944,12.9,Cl2
a2688,WHI,0.24,0.042,187,0.99577,9.2,Cl1
a2689,WHI,0.19,0.061,149,0.99772,9.3,Cl2
a2690,WHI,0.18,0.041,110,0.99652,9.2,Cl2
a2691,WHI,0.3,0.041,124,0.99428,9.3,Cl2
a2692,WHI,0.28,0.03,108,0.99388,10.7,Cl2
a2693,WHI,0.31,0.024,166,0.99208,9.8,Cl2
a2694,WHI,0.23,0.036,143,0.99256,10.3,Cl2
a2695,WHI,0.28,0.03,108,0.99388,10.7,Cl2
a2696,WHI,0.23,0.025,121,0.9925,11.3,Cl2
a2697,WHI,0.22,0.048,182,0.99904,8.8,Cl2
a2698,WHI,0.18,0.043,104,0.99216,10.8,Cl1
a2699,WHI,0.31,0.024,166,0.99208,9.8,Cl2
a2700,WHI,0.3,0.041,124,0.99428,9.3,Cl2
a2701,WHI,0.46,0.027,72,0.99165,11.5,Cl2
a2702,WHI,0.23,0.038,133,0.99924,8.8,Cl1
a2703,WHI,0.23,0.038,133,0.99924,8.8,Cl1
a2704,WHI,0.23,0.038,133,0.99924,8.8,Cl1
a2705,WHI,0.26,0.17,201,0.9956,9.4,Cl2
a2706,WHI,0.26,0.171,200,0.99562,9.4,Cl2
a2707,WHI,0.28,0.045,209,0.9972,9.6,Cl2
a2708,WHI,0.23,0.038,133,0.99924,8.8,Cl1
a2709,WHI,0.23,0.044,189,0.9958,9.3,Cl2
a2710,WHI,0.25,0.044,184,0.99976,8.9,Cl1
a2711,WHI,0.25,0.044,184,0.99976,8.9,Cl1
a2712,WHI,0.2,0.049,155,0.99296,10,Cl1
a2713,WHI,0.21,0.045,182,0.9957,9.1,Cl1
a2714,WHI,0.23,0.044,189,0.9958,9.3,Cl2
a2715,WHI,0.24,0.043,188,0.99579,9.4,Cl2
a2716,WHI,0.25,0.04,179,0.99541,10.1,Cl2
a2717,WHI,0.25,0.044,184,0.99976,8.9,Cl1
a2718,WHI,0.16,0.046,143,0.99518,10.8,Cl2
a2719,WHI,0.28,0.028,69,0.99168,10,Cl2
a2720,WHI,0.18,0.029,160,0.99276,10.9,Cl2
a2721,WHI,0.26,0.027,92,0.99085,12,Cl2
a2722,WHI,0.37,0.043,171,0.99873,9.3,Cl1
a2723,WHI,0.4,0.03,101,0.99172,12.3,Cl2
a2724,WHI,0.26,0.038,129,0.99312,10.4,Cl2
a2725,WHI,0.18,0.029,160,0.99276,10.9,Cl2
a2726,WHI,0.23,0.045,153,0.9972,10.5,Cl1
a2727,WHI,0.2,0.036,91,0.99278,9.8,Cl2
a2728,WHI,0.17,0.041,121,0.99092,10.5,Cl2
a2729,WHI,0.35,0.051,213,0.9962,9.9,Cl2
a2730,WHI,0.29,0.035,79,0.99053,11.4,Cl2
a2731,WHI,0.3,0.06,190,0.99858,9.2,Cl1
a2732,WHI,0.51,0.051,173,0.9984,9.7,Cl1
a2733,WHI,0.51,0.049,135,0.99335,10,Cl1
a2734,WHI,0.29,0.035,79,0.99053,11.4,Cl2
a2735,WHI,0.29,0.048,141,0.9949,10.3,Cl2
a2736,WHI,0.35,0.051,213,0.9962,9.9,Cl2
a2737,WHI,0.17,0.041,121,0.99092,10.5,Cl2
a2738,WHI,0.2,0.047,95,0.99532,9.8,Cl2
a2739,WHI,0.615,0.067,131,0.99727,9.3,Cl1
a2740,WHI,0.32,0.034,100,0.99026,12.4,Cl2
a2741,WHI,0.2,0.048,145,0.99668,9.3,Cl2
a2742,WHI,0.615,0.067,131,0.99727,9.3,Cl1
a2743,WHI,0.23,0.048,165,0.9952,9.5,Cl2
a2744,WHI,0.27,0.034,45,0.99144,10.5,Cl2
a2745,WHI,0.27,0.034,45,0.99144,10.5,Cl2
a2746,WHI,0.44,0.032,99,0.99015,12.8,Cl2
a2747,WHI,0.34,0.045,142,0.9914,10.8,Cl2
a2748,WHI,0.26,0.057,127,0.99693,10,Cl2
a2749,WHI,0.17,0.045,170,0.99035,11.8,Cl3
a2750,WHI,0.26,0.057,127,0.99693,10,Cl2
a2751,WHI,0.17,0.045,170,0.99035,11.8,Cl3
a2752,WHI,0.17,0.036,108,0.99006,12,Cl2
a2753,WHI,0.43,0.025,138,0.99126,12.6,Cl2
a2754,WHI,0.315,0.026,70,0.98994,11.9,Cl3
a2755,WHI,0.17,0.027,28,0.98985,10.6,Cl1
a2756,WHI,0.34,0.082,240,0.9971,9.2,Cl1
a2757,WHI,0.33,0.059,240,0.99882,10,Cl2
a2758,WHI,0.12,0.038,97,0.99477,9.2,Cl1
a2759,WHI,0.13,0.039,103,0.99478,9.3,Cl2
a2760,WHI,0.18,0.055,144,0.99576,10.2,Cl2
a2761,WHI,0.16,0.054,148,0.99578,10.2,Cl2
a2762,WHI,0.26,0.06,154,0.99354,8.7,Cl1
a2763,WHI,0.32,0.05,163,0.99244,10.7,Cl1
a2764,WHI,0.3,0.048,119,0.99084,12.1,Cl2
a2765,WHI,0.16,0.05,152,0.99612,9.5,Cl2
a2766,WHI,0.27,0.028,118,0.99356,11.2,Cl2
a2767,WHI,0.16,0.034,95,0.98952,12,Cl2
a2768,WHI,0.16,0.05,152,0.99612,9.5,Cl2
a2769,WHI,0.3,0.048,119,0.99084,12.1,Cl2
a2770,WHI,0.32,0.05,163,0.99244,10.7,Cl1
a2771,WHI,0.44,0.048,228,0.99955,8.8,Cl2
a2772,WHI,0.2,0.052,135,0.99374,10.8,Cl2
a2773,WHI,0.29,0.026,138,0.9892,13.1,Cl2
a2774,WHI,0.39,0.035,93,0.99144,12.5,Cl2
a2775,WHI,0.36,0.045,131,0.99352,11.7,Cl3
a2776,WHI,0.36,0.045,131,0.99352,11.7,Cl3
a2777,WHI,0.36,0.045,135,0.9935,11.6,Cl3
a2778,WHI,0.2,0.043,111,0.99237,11.3,Cl2
a2779,WHI,0.39,0.035,93,0.99144,12.5,Cl2
a2780,WHI,0.2,0.025,103,0.99022,11.4,Cl1
a2781,WHI,0.235,0.036,117,0.99032,12.2,Cl1
a2782,WHI,0.965,0.074,160,1.03898,11.7,Cl2
a2783,WHI,0.2,0.053,211,0.99587,10.4,Cl2
a2784,WHI,0.2,0.053,211,0.99587,10.4,Cl2
a2785,WHI,0.2,0.053,211,0.99587,10.4,Cl2
a2786,WHI,0.24,0.083,157,0.99976,9.1,Cl1
a2787,WHI,0.3,0.034,70,0.99354,12.2,Cl2
a2788,WHI,0.24,0.083,157,0.99976,9.1,Cl1
a2789,WHI,0.4,0.066,176,0.99552,9.4,Cl1
a2790,WHI,0.4,0.065,178,0.99552,9.4,Cl1
a2791,WHI,0.2,0.053,211,0.99587,10.4,Cl2
a2792,WHI,0.25,0.047,189,0.99604,9.2,Cl1
a2793,WHI,0.26,0.046,183,0.99584,9.4,Cl1
a2794,WHI,0.37,0.033,107,0.98894,13.5,Cl2
a2795,WHI,0.35,0.053,151,0.9963,9.4,Cl1
a2796,WHI,0.22,0.028,83,0.993,10.9,Cl3
a2797,WHI,0.37,0.033,107,0.98894,13.5,Cl2
a2798,WHI,0.35,0.053,151,0.9963,9.4,Cl1
a2799,WHI,0.31,0.036,114,0.99068,11.4,Cl2
a2800,WHI,0.16,0.036,125,0.98964,12.4,Cl2
a2801,WHI,0.25,0.047,189,0.99604,9.2,Cl1
a2802,WHI,0.26,0.046,183,0.99584,9.4,Cl1
a2803,WHI,0.15,0.038,79,0.9923,10.5,Cl2
a2804,WHI,0.15,0.031,99,0.99437,11.5,Cl3
a2805,WHI,0.22,0.028,83,0.993,10.9,Cl3
a2806,WHI,0.2,0.04,123,0.99238,10.8,Cl2
a2807,WHI,0.17,0.038,148,0.99801,8.9,Cl1
a2808,WHI,0.18,0.039,151,0.99802,8.9,Cl1
a2809,WHI,0.27,0.042,184,0.99566,9.4,Cl2
a2810,WHI,0.32,0.049,153,0.99067,12.2,Cl2
a2811,WHI,0.26,0.025,100,0.99066,12.1,Cl2
a2812,WHI,0.3,0.03,128,0.9929,10.9,Cl1
a2813,WHI,0.16,0.026,109,0.9934,10.1,Cl2
a2814,WHI,0.32,0.049,153,0.99067,12.2,Cl2
a2815,WHI,0.19,0.032,71,0.98912,13,Cl2
a2816,WHI,0.36,0.038,72,0.99066,11,Cl1
a2817,WHI,0.17,0.052,126,0.99228,10.8,Cl1
a2818,WHI,0.19,0.032,71,0.98912,13,Cl2
a2819,WHI,0.11,0.052,148,0.9958,9.3,Cl1
a2820,WHI,0.21,0.042,123,0.99052,11.4,Cl2
a2821,WHI,0.325,0.152,120,0.99312,9.2,Cl1
a2822,WHI,0.4,0.056,241,0.9968,9.9,Cl1
a2823,WHI,0.2,0.044,150,0.99502,10.5,Cl1
a2824,WHI,0.27,0.04,56,0.99084,12.4,Cl2
a2825,WHI,0.26,0.047,172,0.99573,9.5,Cl2
a2826,WHI,0.25,0.048,161,0.99256,10.5,Cl2
a2827,WHI,0.22,0.053,196,0.9959,9.1,Cl2
a2828,WHI,0.14,0.034,138,0.99084,11.5,Cl2
a2829,WHI,0.14,0.034,138,0.99084,11.5,Cl2
a2830,WHI,0.26,0.044,170,0.99644,11.2,Cl1
a2831,WHI,0.22,0.05,140,0.99526,10.8,Cl1
a2832,WHI,0.45,0.064,186,0.9954,9.4,Cl1
a2833,WHI,0.17,0.031,73,0.99095,11,Cl2
a2834,WHI,0.44,0.048,112,0.99188,11.3,Cl2
a2835,WHI,0.15,0.041,117,0.9909,11.2,Cl2
a2836,WHI,0.25,0.048,161,0.99256,10.5,Cl2
a2837,WHI,0.22,0.053,196,0.9959,9.1,Cl2
a2838,WHI,0.26,0.05,154,0.99581,10.4,Cl2
a2839,WHI,0.15,0.033,82,0.99132,11.2,Cl2
a2840,WHI,0.22,0.034,89,0.98936,11.1,Cl2
a2841,WHI,0.37,0.036,92,0.99136,11.2,Cl2
a2842,WHI,0.375,0.036,98,0.99142,10.5,Cl2
a2843,WHI,0.2,0.047,92,0.99232,10,Cl2
a2844,WHI,0.22,0.046,90,0.99232,10,Cl2
a2845,WHI,0.22,0.049,97,0.993,10.9,Cl1
a2846,WHI,0.22,0.028,87,0.99311,10.9,Cl2
a2847,WHI,0.15,0.033,82,0.99132,11.2,Cl2
a2848,WHI,0.2,0.035,86,0.98993,11.7,Cl1
a2849,WHI,0.31,0.033,144,0.99208,10,Cl1
a2850,WHI,0.43,0.169,210,0.99776,9.5,Cl1
a2851,WHI,0.24,0.053,136,0.99839,9,Cl1
a2852,WHI,0.23,0.052,86,0.99574,10,Cl1
a2853,WHI,0.2,0.041,154,0.99093,11.9,Cl1
a2854,WHI,0.16,0.028,101,0.99156,10.6,Cl2
a2855,WHI,0.21,0.047,101,0.99278,11,Cl2
a2856,WHI,0.33,0.027,143,0.9924,11.2,Cl2
a2857,WHI,0.18,0.034,129,0.98984,12,Cl2
a2858,WHI,0.29,0.027,96,0.99035,12.6,Cl3
a2859,WHI,0.33,0.027,143,0.9924,11.2,Cl2
a2860,WHI,0.21,0.034,113,0.99165,10.5,Cl2
a2861,WHI,0.21,0.037,144,0.9923,10.2,Cl2
a2862,WHI,0.21,0.047,101,0.99278,11,Cl2
a2863,WHI,0.11,0.028,90,0.99008,12.2,Cl2
a2864,WHI,0.15,0.036,76,0.98964,12.3,Cl2
a2865,WHI,0.16,0.028,101,0.99156,10.6,Cl2
a2866,WHI,0.19,0.032,115,0.9909,10.4,Cl2
a2867,WHI,0.18,0.034,129,0.98984,12,Cl2
a2868,WHI,0.48,0.021,121,0.9889,12.7,Cl2
a2869,WHI,0.23,0.018,128,0.99178,10.6,Cl1
a2870,WHI,0.17,0.028,108,0.99076,12.3,Cl2
a2871,WHI,0.48,0.021,121,0.9889,12.7,Cl2
a2872,WHI,0.15,0.037,84,0.99046,11.4,Cl2
a2873,WHI,0.17,0.029,161,0.98999,12,Cl2
a2874,WHI,0.21,0.045,95,0.98946,12.4,Cl3
a2875,WHI,0.23,0.03,121,0.98976,12.1,Cl2
a2876,WHI,0.15,0.037,84,0.99046,11.4,Cl2
a2877,WHI,0.22,0.04,135,0.99672,10.7,Cl1
a2878,WHI,0.15,0.045,162,0.99482,9.3,Cl1
a2879,WHI,0.32,0.027,138,0.98945,12.7,Cl2
a2880,WHI,0.37,0.029,88,0.98883,11.7,Cl2
a2881,WHI,0.25,0.039,64,0.99362,10.7,Cl1
a2882,WHI,0.21,0.033,94,0.99075,11.8,Cl2
a2883,WHI,0.24,0.039,125,0.99436,9.9,Cl1
a2884,WHI,0.475,0.047,81,0.98988,13.4,Cl2
a2885,WHI,0.28,0.032,114,0.99158,12.8,Cl2
a2886,WHI,0.4,0.033,87,0.99265,12.8,Cl2
a2887,WHI,0.41,0.042,101,0.99195,10.5,Cl1
a2888,WHI,0.2,0.032,84,0.99168,11.5,Cl1
a2889,WHI,0.22,0.04,25,0.9918,10.5,Cl1
a2890,WHI,0.36,0.032,132,0.99313,13,Cl2
a2891,WHI,0.285,0.035,138,0.9895,12.4,Cl3
a2892,WHI,0.2,0.041,148,0.9932,10.2,Cl2
a2893,WHI,0.42,0.054,234,0.99848,9,Cl1
a2894,WHI,0.16,0.038,153,0.9909,12,Cl2
a2895,WHI,0.125,0.044,68,0.99014,11.7,Cl2
a2896,WHI,0.44,0.054,180,0.9952,10,Cl1
a2897,WHI,0.31,0.055,218,0.99652,10.3,Cl1
a2898,WHI,0.42,0.054,234,0.99848,9,Cl1
a2899,WHI,0.18,0.032,78,0.99104,11.1,Cl1
a2900,WHI,0.21,0.05,150,0.99772,9,Cl1
a2901,WHI,0.16,0.031,97,0.9922,10.5,Cl2
a2902,WHI,0.22,0.028,92,0.99076,11.9,Cl2
a2903,WHI,0.36,0.036,155,0.99622,9.4,Cl1
a2904,WHI,0.21,0.035,81,0.9902,11.4,Cl2
a2905,WHI,0.25,0.034,114,0.99114,10.8,Cl2
a2906,WHI,0.31,0.073,157,0.9938,9.8,Cl1
a2907,WHI,0.26,0.047,183,0.99594,9.3,Cl1
a2908,WHI,0.21,0.035,81,0.9902,11.4,Cl2
a2909,WHI,0.2,0.031,73,0.99035,11.3,Cl2
a2910,WHI,0.18,0.031,73,0.99032,11.3,Cl2
a2911,WHI,0.37,0.031,170,0.99558,9.5,Cl1
a2912,WHI,0.36,0.036,155,0.99622,9.4,Cl1
a2913,WHI,0.22,0.028,92,0.99076,11.9,Cl2
a2914,WHI,0.18,0.046,199,0.99413,9.3,Cl1
a2915,WHI,0.14,0.041,81,0.99043,11.4,Cl2
a2916,WHI,0.14,0.041,81,0.99043,11.4,Cl2
a2917,WHI,0.44,0.053,128,0.98982,12.7,Cl2
a2918,WHI,0.36,0.033,118,0.98934,13.5,Cl2
a2919,WHI,0.28,0.019,65,0.9902,11.2,Cl2
a2920,WHI,0.16,0.038,118,0.99449,10.7,Cl1
a2921,WHI,0.28,0.032,92,0.99629,10.8,Cl1
a2922,WHI,0.39,0.054,202,0.9948,10.5,Cl2
a2923,WHI,0.44,0.014,137,0.98984,13,Cl3
a2924,WHI,0.22,0.029,131,0.99326,10.8,Cl2
a2925,WHI,0.22,0.046,118,0.99834,9.1,Cl2
a2926,WHI,0.25,0.038,196,0.99555,10.1,Cl1
a2927,WHI,0.155,0.028,59,0.98975,11.9,Cl3
a2928,WHI,0.31,0.036,140,0.99216,12,Cl2
a2929,WHI,0.31,0.036,140,0.99216,12,Cl2
a2930,WHI,0.22,0.046,118,0.99834,9.1,Cl2
a2931,WHI,0.21,0.041,147,0.9901,11.6,Cl3
a2932,WHI,0.155,0.028,59,0.98975,11.9,Cl3
a2933,WHI,0.25,0.038,192,0.99573,10.2,Cl2
a2934,WHI,0.22,0.029,131,0.99326,10.8,Cl2
a2935,WHI,0.21,0.028,66,0.99215,9.8,Cl1
a2936,WHI,0.27,0.023,89,0.98993,11.4,Cl1
a2937,WHI,0.17,0.03,68,0.99218,9.8,Cl1
a2938,WHI,0.25,0.038,196,0.99555,10.1,Cl1
a2939,WHI,0.12,0.039,98,0.99564,9.8,Cl3
a2940,WHI,0.12,0.039,98,0.99564,9.8,Cl3
a2941,WHI,0.29,0.036,128,0.99397,10.7,Cl2
a2942,WHI,0.3,0.022,111,0.99576,10.6,Cl1
a2943,WHI,0.26,0.037,173,0.99601,9.3,Cl1
a2944,WHI,0.12,0.039,98,0.99564,9.8,Cl3
a2945,WHI,0.29,0.036,128,0.99397,10.7,Cl2
a2946,WHI,0.33,0.016,150,0.98713,14,Cl3
a2947,WHI,0.29,0.026,107,0.99308,11,Cl2
a2948,WHI,0.29,0.026,107,0.99308,11,Cl2
a2949,WHI,0.26,0.049,182,0.99582,9.4,Cl2
a2950,WHI,0.28,0.078,139,0.99494,9,Cl2
a2951,WHI,0.28,0.042,108,0.9929,9,Cl1
a2952,WHI,0.2,0.044,101,0.99471,10,Cl1
a2953,WHI,0.27,0.041,109,0.9929,9,Cl1
a2954,WHI,0.28,0.042,108,0.9929,9,Cl1
a2955,WHI,0.29,0.036,79,0.99037,12.4,Cl2
a2956,WHI,0.35,0.042,123,0.99304,11.3,Cl1
a2957,WHI,0.12,0.034,86,0.99026,12,Cl2
a2958,WHI,0.12,0.031,94,0.98986,11.7,Cl2
a2959,WHI,0.2,0.044,101,0.99471,10,Cl1
a2960,WHI,0.4,0.016,90,0.98951,13.2,Cl2
a2961,WHI,0.11,0.04,114,0.99634,11,Cl2
a2962,WHI,0.23,0.03,114,0.99368,11,Cl2
a2963,WHI,0.38,0.112,94,0.99792,9.2,Cl1
a2964,WHI,0.38,0.021,113,0.99026,13,Cl2
a2965,WHI,0.19,0.044,128,0.99362,10.6,Cl1
a2966,WHI,0.34,0.021,119,0.98919,13,Cl3
a2967,WHI,0.23,0.051,118,0.99835,9,Cl2
a2968,WHI,0.23,0.051,118,0.99835,9,Cl2
a2969,WHI,0.31,0.021,148,0.99038,11.5,Cl1
a2970,WHI,0.2,0.025,76,0.99104,11,Cl2
a2971,WHI,0.31,0.021,148,0.99038,11.5,Cl1
a2972,WHI,0.26,0.05,112,0.99286,9.9,Cl1
a2973,WHI,0.22,0.039,128,0.99296,10.4,Cl2
a2974,WHI,0.23,0.051,118,0.99835,9,Cl2
a2975,WHI,0.19,0.056,110,0.9954,9.9,Cl2
a2976,WHI,0.14,0.045,162,0.9914,11,Cl2
a2977,WHI,0.32,0.026,124,0.99286,12.1,Cl2
a2978,WHI,0.23,0.044,131,0.99604,9.7,Cl2
a2979,WHI,0.23,0.044,131,0.99604,9.7,Cl2
a2980,WHI,0.36,0.034,123,0.99119,12.2,Cl2
a2981,WHI,0.38,0.016,113,0.99007,12.4,Cl2
a2982,WHI,0.23,0.033,97,0.99507,10.5,Cl2
a2983,WHI,0.2,0.05,213,0.99596,10.4,Cl2
a2984,WHI,0.26,0.029,180,0.99011,12,Cl2
a2985,WHI,0.3,0.037,28,0.99184,12.7,Cl2
a2986,WHI,0.18,0.039,115,0.99469,10.9,Cl2
a2987,WHI,0.18,0.039,115,0.99469,10.9,Cl2
a2988,WHI,0.18,0.039,113,0.99406,10.9,Cl2
a2989,WHI,0.19,0.034,103,0.99305,11.4,Cl2
a2990,WHI,0.16,0.036,184,0.99096,11,Cl2
a2991,WHI,0.27,0.032,178,0.98956,12.6,Cl2
a2992,WHI,0.37,0.034,152,0.9921,11.6,Cl2
a2993,WHI,0.2,0.038,130,0.99496,10.5,Cl2
a2994,WHI,0.18,0.039,113,0.99406,10.9,Cl2
a2995,WHI,0.18,0.039,113,0.99406,10.9,Cl2
a2996,WHI,0.28,0.037,119,0.9888,12.5,Cl2
a2997,WHI,0.35,0.034,111,0.98942,12.1,Cl3
a2998,WHI,0.25,0.035,158,0.99082,11.3,Cl2
a2999,WHI,0.32,0.025,112,0.98802,13.3,Cl2
a3000,WHI,0.18,0.039,113,0.99406,10.9,Cl2
a3001,WHI,0.18,0.039,115,0.99469,10.9,Cl2
a3002,WHI,0.2,0.038,130,0.99496,10.5,Cl2
a3003,WHI,0.37,0.034,152,0.9921,11.6,Cl2
a3004,WHI,0.19,0.034,103,0.99305,11.4,Cl2
a3005,WHI,0.18,0.034,111,0.99074,11,Cl2
a3006,WHI,0.3,0.037,156,0.98968,12.1,Cl2
a3007,WHI,0.16,0.036,184,0.99096,11,Cl2
a3008,WHI,0.27,0.032,178,0.98956,12.6,Cl2
a3009,WHI,0.3,0.03,173,0.9887,13,Cl2
a3010,WHI,0.2,0.054,221,0.99941,8.8,Cl2
a3011,WHI,0.25,0.061,218,0.99388,9.5,Cl1
a3012,WHI,0.22,0.029,105,0.99206,11.8,Cl2
a3013,WHI,0.25,0.026,93,0.99035,12.2,Cl2
a3014,WHI,0.13,0.042,105,0.99581,10.7,Cl2
a3015,WHI,0.45,0.04,67,0.9976,11,Cl2
a3016,WHI,0.32,0.02,104,0.99362,11.4,Cl2
a3017,WHI,0.13,0.042,105,0.99581,10.7,Cl2
a3018,WHI,0.34,0.035,135,0.99016,12,Cl2
a3019,WHI,0.22,0.037,121,0.99176,11.9,Cl3
a3020,WHI,0.32,0.02,104,0.99362,11.4,Cl2
a3021,WHI,0.32,0.029,46,0.99439,11.8,Cl2
a3022,WHI,0.27,0.046,88,0.99458,10.6,Cl1
a3023,WHI,0.74,0.05,133,0.99418,9.7,Cl1
a3024,WHI,0.45,0.04,67,0.9976,11,Cl2
a3025,WHI,0.13,0.042,105,0.99581,10.7,Cl2
a3026,WHI,0.22,0.045,152,0.99178,11,Cl2
a3027,WHI,0.22,0.024,118,0.99456,10.5,Cl2
a3028,WHI,0.32,0.035,150,0.99578,10.4,Cl1
a3029,WHI,0.18,0.05,138,0.99546,10.5,Cl2
a3030,WHI,0.47,0.024,142,0.99518,12,Cl3
a3031,WHI,0.47,0.024,142,0.99518,12,Cl3
a3032,WHI,0.19,0.042,124,0.99646,9.2,Cl2
a3033,WHI,0.14,0.036,92,0.99264,10.9,Cl1
a3034,WHI,0.24,0.045,185,0.99578,9.5,Cl2
a3035,WHI,0.25,0.042,156,0.99604,9.4,Cl2
a3036,WHI,0.24,0.026,85,0.99014,11.3,Cl2
a3037,WHI,0.29,0.054,189,0.99489,10.4,Cl1
a3038,WHI,0.33,0.037,170,0.99884,9.4,Cl2
a3039,WHI,0.23,0.027,104,0.99054,11.3,Cl2
a3040,WHI,0.27,0.044,196,0.99782,8.8,Cl2
a3041,WHI,0.2,0.045,130,0.99519,10.8,Cl1
a3042,WHI,0.33,0.037,173,0.99882,9.4,Cl2
a3043,WHI,0.33,0.037,170,0.99884,9.4,Cl2
a3044,WHI,0.21,0.154,114,0.9931,9.2,Cl2
a3045,WHI,0.27,0.044,144,0.99666,10.3,Cl2
a3046,WHI,0.12,0.034,99,0.99324,9.9,Cl2
a3047,WHI,0.24,0.027,112,0.99086,12.4,Cl2
a3048,WHI,0.18,0.041,167,0.9908,11.9,Cl1
a3049,WHI,0.17,0.023,132,0.99067,11.7,Cl2
a3050,WHI,0.33,0.126,199,0.99711,9.4,Cl1
a3051,WHI,0.255,0.039,272,0.99452,9.6,Cl1
a3052,WHI,0.33,0.126,199,0.99711,9.4,Cl1
a3053,WHI,0.2,0.043,175,0.9945,10.4,Cl2
a3054,WHI,0.17,0.042,102,0.99427,9.5,Cl1
a3055,WHI,0.15,0.036,73,0.99152,11.9,Cl2
a3056,WHI,0.25,0.024,116,0.98935,12.5,Cl2
a3057,WHI,0.28,0.016,55,0.98876,13.4,Cl1
a3058,WHI,0.27,0.026,114,0.99174,12.7,Cl1
a3059,WHI,0.25,0.045,208,0.99572,9.1,Cl1
a3060,WHI,0.19,0.026,58,0.99184,10.5,Cl2
a3061,WHI,0.25,0.046,176,0.99454,10.4,Cl1
a3062,WHI,0.25,0.046,176,0.99454,10.4,Cl1
a3063,WHI,0.28,0.03,110,0.99164,12.5,Cl3
a3064,WHI,0.25,0.046,176,0.99454,10.4,Cl1
a3065,WHI,0.21,0.038,183,0.99778,9,Cl1
a3066,WHI,0.15,0.045,120,0.9975,9.8,Cl2
a3067,WHI,0.21,0.038,183,0.99778,9,Cl1
a3068,WHI,0.28,0.033,142,0.99205,10.7,Cl1
a3069,WHI,0.18,0.033,111,0.98962,12.4,Cl2
a3070,WHI,0.53,0.029,76,0.99118,12.5,Cl3
a3071,WHI,0.28,0.03,110,0.99164,12.5,Cl3
a3072,WHI,0.36,0.028,82,0.99274,12.1,Cl2
a3073,WHI,0.25,0.041,163,0.99184,11.3,Cl2
a3074,WHI,0.24,0.039,122,0.99052,12,Cl1
a3075,WHI,0.25,0.042,141,0.99546,10.4,Cl1
a3076,WHI,0.15,0.042,87,0.98972,12.2,Cl2
a3077,WHI,0.28,0.039,115,0.9942,8.6,Cl1
a3078,WHI,0.25,0.045,208,0.99572,9.1,Cl1
a3079,WHI,0.28,0.028,91,0.99022,12.1,Cl1
a3080,WHI,0.35,0.032,125,0.99253,12,Cl1
a3081,WHI,0.19,0.026,58,0.99184,10.5,Cl2
a3082,WHI,0.25,0.046,176,0.99454,10.4,Cl1
a3083,WHI,0.35,0.029,102,0.9903,11.9,Cl2
a3084,WHI,0.31,0.024,94,0.98906,13.7,Cl2
a3085,WHI,0.17,0.03,78,0.99146,11.3,Cl2
a3086,WHI,0.23,0.036,88,0.9951,10.5,Cl2
a3087,WHI,0.31,0.024,94,0.98906,13.7,Cl2
a3088,WHI,0.2,0.041,201,0.995,10.1,Cl1
a3089,WHI,0.37,0.024,76,0.98876,12.3,Cl2
a3090,WHI,0.36,0.031,89,0.98956,12,Cl2
a3091,WHI,0.17,0.03,78,0.99146,11.3,Cl2
a3092,WHI,0.28,0.04,183,0.99592,9.5,Cl2
a3093,WHI,0.27,0.043,152,0.99129,11.4,Cl2
a3094,WHI,0.25,0.045,118,0.99064,11.9,Cl2
a3095,WHI,0.24,0.032,18,0.99368,10,Cl2
a3096,WHI,0.24,0.032,18,0.99368,10,Cl2
a3097,WHI,0.13,0.034,102,0.99121,11.3,Cl2
a3098,WHI,0.78,0.045,133,0.99104,11.7,Cl1
a3099,WHI,0.33,0.022,129,0.99221,11,Cl2
a3100,WHI,0.34,0.033,111,0.98924,12.2,Cl2
a3101,WHI,0.14,0.028,124,0.99176,10.7,Cl2
a3102,WHI,0.26,0.038,84,0.99432,10.9,Cl2
a3103,WHI,0.29,0.04,113,0.99366,10.2,Cl2
a3104,WHI,0.25,0.045,118,0.99064,11.9,Cl2
a3105,WHI,0.21,0.047,130,0.99178,11.1,Cl1
a3106,WHI,0.26,0.045,159,0.99126,11.2,Cl2
a3107,WHI,0.27,0.043,152,0.99129,11.4,Cl2
a3108,WHI,0.25,0.047,169,0.99252,10.6,Cl2
a3109,WHI,0.35,0.047,151,0.99709,10.3,Cl1
a3110,WHI,0.3,0.054,203,0.99513,10.4,Cl1
a3111,WHI,0.24,0.033,111,0.99045,11.9,Cl2
a3112,WHI,0.23,0.036,98,0.99,11.9,Cl2
a3113,WHI,0.23,0.043,129,0.99305,10.4,Cl1
a3114,WHI,0.24,0.052,126,0.99888,9.2,Cl2
a3115,WHI,0.17,0.04,117,0.99182,11.3,Cl2
a3116,WHI,0.17,0.04,117,0.99182,11.3,Cl2
a3117,WHI,0.21,0.034,89,0.9913,11,Cl2
a3118,WHI,0.23,0.036,98,0.99,11.9,Cl2
a3119,WHI,0.28,0.031,147,0.98836,12.9,Cl2
a3120,WHI,0.19,0.027,21,0.9897,10.8,Cl1
a3121,WHI,0.25,0.049,206,0.99586,9.1,Cl2
a3122,WHI,0.23,0.043,129,0.99305,10.4,Cl1
a3123,WHI,0.18,0.03,103,0.98892,12.9,Cl2
a3124,WHI,0.18,0.037,86,0.99156,12.2,Cl1
a3125,WHI,0.24,0.052,126,0.99888,9.2,Cl2
a3126,WHI,0.23,0.052,150,0.99534,10.3,Cl1
a3127,WHI,0.17,0.059,128,0.99322,11,Cl2
a3128,WHI,0.3,0.043,98,0.99296,11,Cl1
a3129,WHI,0.24,0.039,100,0.99098,11.7,Cl2
a3130,WHI,0.21,0.039,122,0.98972,12,Cl2
a3131,WHI,0.33,0.047,148,0.98964,12.7,Cl2
a3132,WHI,0.35,0.061,198,0.99918,8.8,Cl1
a3133,WHI,0.17,0.04,117,0.99182,11.3,Cl2
a3134,WHI,0.25,0.034,121,0.99008,12.8,Cl2
a3135,WHI,0.16,0.043,114,0.992,11.2,Cl2
a3136,WHI,0.39,0.057,221,0.99851,8.9,Cl2
a3137,WHI,0.19,0.04,103,0.99026,11.2,Cl1
a3138,WHI,0.25,0.051,135,0.9906,11.1,Cl2
a3139,WHI,0.22,0.042,115,0.99293,10.8,Cl2
a3140,WHI,0.19,0.045,126,0.99658,9.3,Cl2
a3141,WHI,0.39,0.057,221,0.99851,8.9,Cl2
a3142,WHI,0.33,0.038,34,0.9911,12.7,Cl2
a3143,WHI,0.17,0.045,140,0.9904,12,Cl2
a3144,WHI,0.19,0.04,103,0.99026,11.2,Cl1
a3145,WHI,0.23,0.039,130,0.99946,8.8,Cl2
a3146,WHI,0.23,0.039,130,0.99946,8.8,Cl2
a3147,WHI,0.23,0.039,130,0.99946,8.8,Cl2
a3148,WHI,0.32,0.038,154,0.99568,10.4,Cl2
a3149,WHI,0.23,0.039,130,0.99946,8.8,Cl2
a3150,WHI,0.32,0.038,154,0.99568,10.4,Cl2
a3151,WHI,0.39,0.027,88,0.9907,14,Cl2
a3152,WHI,0.23,0.039,130,0.99946,8.8,Cl2
a3153,WHI,0.25,0.035,294,0.99018,13.1,Cl2
a3154,WHI,0.29,0.029,88,0.98994,12.3,Cl2
a3155,WHI,0.4,0.03,109,0.99075,12.6,Cl2
a3156,WHI,0.39,0.02,133,0.99212,12,Cl2
a3157,WHI,0.17,0.033,124,0.99684,9.5,Cl1
a3158,WHI,0.39,0.02,133,0.99212,12,Cl2
a3159,WHI,0.36,0.019,114,0.99036,12.7,Cl2
a3160,WHI,0.19,0.042,130,0.99456,10.5,Cl2
a3161,WHI,0.34,0.023,80,0.98865,12.9,Cl2
a3162,WHI,0.17,0.033,124,0.99684,9.5,Cl1
a3163,WHI,0.39,0.02,133,0.99212,12,Cl2
a3164,WHI,0.36,0.019,114,0.99036,12.7,Cl2
a3165,WHI,0.3,0.024,198,0.99222,11.9,Cl2
a3166,WHI,0.68,0.037,123,0.99022,12,Cl2
a3167,WHI,0.34,0.031,133,0.99076,12.5,Cl2
a3168,WHI,0.28,0.034,118,0.99144,12.1,Cl2
a3169,WHI,0.19,0.019,82,0.98961,12.5,Cl2
a3170,WHI,0.16,0.043,113,0.9936,9.9,Cl2
a3171,WHI,0.17,0.036,147,0.99126,10.7,Cl2
a3172,WHI,0.2,0.048,87,0.99044,12,Cl2
a3173,WHI,0.33,0.042,116,0.99123,12.2,Cl3
a3174,WHI,0.33,0.036,124,0.99123,12.4,Cl3
a3175,WHI,0.36,0.038,125,0.9916,12.4,Cl3
a3176,WHI,0.21,0.039,140,0.9959,10.3,Cl2
a3177,WHI,0.2,0.048,87,0.99044,12,Cl2
a3178,WHI,0.41,0.05,154,0.9931,10.5,Cl1
a3179,WHI,0.15,0.051,98,0.99422,9.5,Cl2
a3180,WHI,0.2,0.046,106,0.99194,10.5,Cl1
a3181,WHI,0.24,0.027,90,0.98926,12.3,Cl2
a3182,WHI,0.16,0.025,107,0.99306,11.9,Cl2
a3183,WHI,0.12,0.038,131,0.99164,9.8,Cl1
a3184,WHI,0.24,0.027,90,0.98926,12.3,Cl2
a3185,WHI,0.1,0.04,76,0.98988,11.4,Cl2
a3186,WHI,0.21,0.041,115,0.99268,11,Cl2
a3187,WHI,0.3,0.046,70,0.99373,10.8,Cl1
a3188,WHI,0.18,0.027,125,0.98939,12.8,Cl2
a3189,WHI,0.17,0.055,123,0.99318,11,Cl3
a3190,WHI,0.19,0.035,148,0.99196,10.2,Cl1
a3191,WHI,0.28,0.026,114,0.98952,12.5,Cl2
a3192,WHI,0.24,0.037,146,0.9911,11.6,Cl2
a3193,WHI,0.16,0.025,107,0.99306,11.9,Cl2
a3194,WHI,0.12,0.038,131,0.99164,9.8,Cl1
a3195,WHI,0.16,0.036,89,0.99111,11,Cl1
a3196,WHI,0.21,0.037,123,0.99321,10.9,Cl2
a3197,WHI,0.22,0.044,127,0.99326,11,Cl2
a3198,WHI,0.34,0.027,126,0.99124,12.5,Cl2
a3199,WHI,0.22,0.044,127,0.99326,11,Cl2
a3200,WHI,0.21,0.032,121,0.99214,12,Cl2
a3201,WHI,0.31,0.031,145,0.9897,12.4,Cl2
a3202,WHI,0.34,0.027,126,0.99124,12.5,Cl2
a3203,WHI,0.42,0.022,97,0.98915,12.8,Cl2
a3204,WHI,0.22,0.044,127,0.99326,11,Cl2
a3205,WHI,0.28,0.035,177,0.99692,9.1,Cl1
a3206,WHI,0.45,0.033,156,0.991,12.4,Cl2
a3207,WHI,0.29,0.031,98,0.9913,12.9,Cl2
a3208,WHI,0.21,0.045,126,0.99234,10.9,Cl2
a3209,WHI,0.25,0.045,164,0.99402,10.8,Cl1
a3210,WHI,0.21,0.04,142,0.99678,10.6,Cl1
a3211,WHI,0.33,0.053,106,0.99458,9,Cl1
a3212,WHI,0.3,0.043,154,0.99452,12,Cl2
a3213,WHI,0.24,0.041,131,0.99033,11.8,Cl1
a3214,WHI,0.18,0.041,158,0.9927,10.6,Cl2
a3215,WHI,0.335,0.033,74,0.99002,12.3,Cl2
a3216,WHI,0.14,0.104,54,0.99057,11.5,Cl2
a3217,WHI,0.13,0.044,111,0.99127,11.1,Cl1
a3218,WHI,0.33,0.053,106,0.99458,9,Cl1
a3219,WHI,0.29,0.142,111,0.9927,9.9,Cl1
a3220,WHI,0.35,0.036,92,0.98938,12.8,Cl2
a3221,WHI,0.38,0.102,76,0.99001,12.9,Cl1
a3222,WHI,0.24,0.034,74,0.99386,12.9,Cl2
a3223,WHI,0.16,0.037,115,0.9899,12,Cl2
a3224,WHI,0.3,0.043,154,0.99452,12,Cl2
a3225,WHI,0.15,0.045,151,0.9913,11.2,Cl2
a3226,WHI,0.33,0.041,86,0.98916,13.3,Cl2
a3227,WHI,0.2,0.046,125,0.99276,9.9,Cl2
a3228,WHI,0.27,0.055,192,0.99586,9.5,Cl2
a3229,WHI,0.27,0.054,200,0.99556,9.4,Cl2
a3230,WHI,0.2,0.047,119,0.99158,11,Cl2
a3231,WHI,0.13,0.056,150,0.99548,9.4,Cl2
a3232,WHI,0.21,0.038,107,0.99206,11.5,Cl2
a3233,WHI,0.31,0.038,79,0.99412,12.5,Cl1
a3234,WHI,0.2,0.035,93,0.99364,11.9,Cl2
a3235,WHI,0.25,0.054,141,0.99338,10.4,Cl2
a3236,WHI,0.15,0.045,151,0.9913,11.2,Cl2
a3237,WHI,0.22,0.035,141,0.99123,12.5,Cl2
a3238,WHI,0.23,0.039,147,0.99216,11,Cl2
a3239,WHI,0.27,0.059,115,0.99328,9.8,Cl1
a3240,WHI,0.34,0.034,99,0.99031,12.3,Cl2
a3241,WHI,0.16,0.036,113,0.9908,11,Cl2
a3242,WHI,0.3,0.036,113,0.98871,12.6,Cl2
a3243,WHI,0.29,0.036,109,0.99119,11.6,Cl2
a3244,WHI,0.34,0.034,99,0.99031,12.3,Cl2
a3245,WHI,0.21,0.02,86,0.99146,13.4,Cl2
a3246,WHI,0.27,0.059,115,0.99328,9.8,Cl1
a3247,WHI,0.22,0.034,116,0.99245,11.5,Cl2
a3248,WHI,0.27,0.037,139,0.99116,11.6,Cl2
a3249,WHI,0.25,0.039,147,0.9921,11.1,Cl2
a3250,WHI,0.23,0.039,147,0.99216,11,Cl2
a3251,WHI,0.13,0.043,131,0.99162,11.3,Cl2
a3252,WHI,0.24,0.043,173,0.99632,9.9,Cl2
a3253,WHI,0.26,0.025,105,0.99082,12.6,Cl3
a3254,WHI,0.3,0.029,100,0.9905,11.8,Cl3
a3255,WHI,0.38,0.042,201,0.99177,11.4,Cl1
a3256,WHI,0.19,0.045,193,0.9986,9.2,Cl2
a3257,WHI,0.19,0.045,193,0.9986,9.2,Cl2
a3258,WHI,0.19,0.045,193,0.9986,9.2,Cl2
a3259,WHI,0.19,0.045,193,0.9986,9.2,Cl2
a3260,WHI,0.19,0.045,193,0.9986,9.2,Cl2
a3261,WHI,0.19,0.045,193,0.9986,9.2,Cl2
a3262,WHI,0.32,0.03,101,0.98923,13,Cl1
a3263,WHI,0.19,0.047,193,1.00014,9.3,Cl2
a3264,WHI,0.26,0.03,92,0.99026,12.6,Cl3
a3265,WHI,0.24,0.035,247,0.99358,9.6,Cl2
a3266,WHI,0.215,0.041,157,0.99688,8,Cl1
a3267,WHI,0.24,0.03,105,0.99407,11.8,Cl2
a3268,WHI,0.23,0.043,154,0.99226,10.2,Cl2
a3269,WHI,0.33,0.051,126,0.99097,12.7,Cl2
a3270,WHI,0.38,0.061,214,0.9976,9.4,Cl1
a3271,WHI,0.15,0.044,115,0.99166,10.2,Cl1
a3272,WHI,0.32,0.044,91,0.99184,12,Cl2
a3273,WHI,0.22,0.045,100,0.99135,11.3,Cl2
a3274,WHI,0.23,0.038,118,0.99074,11.8,Cl2
a3275,WHI,0.22,0.039,129,0.99193,10.9,Cl1
a3276,WHI,0.48,0.043,99,0.99226,9.8,Cl1
a3277,WHI,0.23,0.06,154,0.99142,12.2,Cl3
a3278,WHI,0.16,0.057,125,0.99091,11.1,Cl2
a3279,WHI,0.38,0.061,214,0.9976,9.4,Cl1
a3280,WHI,0.16,0.065,140,0.99134,11.4,Cl2
a3281,WHI,0.15,0.044,115,0.99166,10.2,Cl1
a3282,WHI,0.32,0.051,127,0.98964,12.8,Cl2
a3283,WHI,0.12,0.039,125,0.99229,10.1,Cl2
a3284,WHI,0.2,0.184,168,0.99396,9.4,Cl2
a3285,WHI,0.34,0.035,103,0.99148,12.2,Cl2
a3286,WHI,0.21,0.046,121,0.9913,10.9,Cl2
a3287,WHI,0.23,0.047,122,0.99126,10.9,Cl2
a3288,WHI,0.21,0.046,121,0.9913,10.9,Cl2
a3289,WHI,0.2,0.184,168,0.99396,9.4,Cl2
a3290,WHI,0.28,0.044,196,0.99562,9.4,Cl1
a3291,WHI,0.25,0.043,80,0.99128,11.4,Cl1
a3292,WHI,0.12,0.044,73,0.98896,12.9,Cl3
a3293,WHI,0.28,0.046,194,0.99558,9.4,Cl1
a3294,WHI,0.17,0.04,84,0.98961,12,Cl2
a3295,WHI,0.25,0.043,113,0.99338,10.1,Cl2
a3296,WHI,0.28,0.046,194,0.99558,9.4,Cl1
a3297,WHI,0.28,0.044,196,0.99562,9.4,Cl1
a3298,WHI,0.25,0.047,184,0.99572,9.2,Cl1
a3299,WHI,0.24,0.039,109,0.99056,11.8,Cl2
a3300,WHI,0.32,0.029,105,0.99146,12.3,Cl2
a3301,WHI,0.25,0.043,80,0.99128,11.4,Cl1
a3302,WHI,0.12,0.044,73,0.98896,12.9,Cl3
a3303,WHI,0.24,0.032,91,0.99172,12.3,Cl2
a3304,WHI,0.22,0.032,93,0.99012,13.5,Cl2
a3305,WHI,0.32,0.033,142,0.98912,12.8,Cl2
a3306,WHI,0.19,0.022,96,0.98902,12.8,Cl2
a3307,WHI,0.32,0.033,142,0.98912,12.8,Cl2
a3308,WHI,0.24,0.037,208,0.99395,11,Cl1
a3309,WHI,0.35,0.039,124,0.99539,10.6,Cl2
a3310,WHI,0.46,0.039,96,0.99129,12.4,Cl2
a3311,WHI,0.3,0.048,142,0.98956,12.9,Cl2
a3312,WHI,0.19,0.047,152,0.9916,11.1,Cl2
a3313,WHI,0.24,0.032,95,0.98889,12.9,Cl2
a3314,WHI,0.145,0.042,64,0.99012,11.8,Cl2
a3315,WHI,0.435,0.058,243,0.99833,9.1,Cl2
a3316,WHI,0.18,0.036,74,0.98853,12.7,Cl2
a3317,WHI,0.18,0.036,96,0.98942,12,Cl2
a3318,WHI,0.32,0.043,105,0.99266,11.2,Cl2
a3319,WHI,0.16,0.042,105,0.98962,12.4,Cl2
a3320,WHI,0.21,0.047,148,0.99168,10.4,Cl1
a3321,WHI,0.29,0.05,124,0.9968,10.4,Cl1
a3322,WHI,0.26,0.04,80,0.98934,12.7,Cl2
a3323,WHI,0.26,0.039,105,0.98995,12.5,Cl2
a3324,WHI,0.17,0.037,103,0.991,12,Cl2
a3325,WHI,0.17,0.047,117,0.99152,11.6,Cl2
a3326,WHI,0.25,0.035,126,0.99048,12.6,Cl2
a3327,WHI,0.17,0.042,178,0.99204,10.2,Cl1
a3328,WHI,0.17,0.036,70,0.99202,10.4,Cl2
a3329,WHI,0.24,0.038,122,0.9906,11.5,Cl1
a3330,WHI,0.21,0.049,112,0.99091,11,Cl2
a3331,WHI,0.23,0.048,176,0.99472,10.1,Cl2
a3332,WHI,0.23,0.046,159,0.99452,10.5,Cl2
a3333,WHI,0.22,0.059,151,0.99177,12.1,Cl2
a3334,WHI,0.165,0.047,146,0.9934,9.9,Cl2
a3335,WHI,0.425,0.034,87,0.99082,11.4,Cl2
a3336,WHI,0.38,0.048,189,0.99784,9.5,Cl2
a3337,WHI,0.38,0.048,189,0.99784,9.5,Cl2
a3338,WHI,0.38,0.048,189,0.99784,9.5,Cl2
a3339,WHI,0.27,0.046,41,0.99665,10.9,Cl2
a3340,WHI,0.17,0.05,98,0.99422,9.5,Cl2
a3341,WHI,0.3,0.048,125,0.98999,12.6,Cl2
a3342,WHI,0.17,0.05,98,0.99422,9.5,Cl2
a3343,WHI,0.26,0.059,104,0.99254,11.1,Cl1
a3344,WHI,0.36,0.048,189,0.99782,9.5,Cl2
a3345,WHI,0.38,0.048,189,0.99784,9.5,Cl2
a3346,WHI,0.18,0.058,188,0.9952,10.6,Cl2
a3347,WHI,0.18,0.057,185,0.99519,10.6,Cl2
a3348,WHI,0.16,0.055,157,0.99384,10.8,Cl2
a3349,WHI,0.27,0.046,41,0.99665,10.9,Cl2
a3350,WHI,0.17,0.047,101,0.99596,9.9,Cl2
a3351,WHI,0.22,0.06,132,0.9935,11.3,Cl2
a3352,WHI,0.22,0.034,90,0.98862,12.6,Cl2
a3353,WHI,0.36,0.034,81,0.99151,12.5,Cl2
a3354,WHI,0.43,0.032,87,0.9922,12.4,Cl2
a3355,WHI,0.2,0.038,132,0.99426,11.8,Cl2
a3356,WHI,0.32,0.026,119,0.99168,12.2,Cl2
a3357,WHI,0.2,0.048,136,0.99556,10.7,Cl2
a3358,WHI,0.22,0.033,97,0.99356,11.3,Cl2
a3359,WHI,0.36,0.034,81,0.99151,12.5,Cl2
a3360,WHI,0.43,0.032,87,0.9922,12.4,Cl2
a3361,WHI,0.18,0.033,72,0.99072,11.3,Cl2
a3362,WHI,0.17,0.047,101,0.99596,9.9,Cl2
a3363,WHI,0.22,0.06,132,0.9935,11.3,Cl2
a3364,WHI,0.22,0.034,90,0.98862,12.6,Cl2
a3365,WHI,0.2,0.033,67,0.98954,11.5,Cl2
a3366,WHI,0.2,0.033,76,0.99076,12.3,Cl2
a3367,WHI,0.3,0.032,111,0.9889,12.2,Cl2
a3368,WHI,0.29,0.033,114,0.98794,13.2,Cl2
a3369,WHI,0.18,0.041,161,0.99207,10.2,Cl2
a3370,WHI,0.22,0.039,117,0.99355,11.5,Cl2
a3371,WHI,0.29,0.033,114,0.98794,13.2,Cl2
a3372,WHI,0.3,0.032,111,0.9889,12.2,Cl2
a3373,WHI,0.15,0.051,139,0.99336,11,Cl2
a3374,WHI,0.28,0.034,121,0.98882,13.2,Cl2
a3375,WHI,0.19,0.045,135,0.99341,9.5,Cl1
a3376,WHI,0.22,0.047,132,0.997,10.2,Cl2
a3377,WHI,0.18,0.041,161,0.99207,10.2,Cl2
a3378,WHI,0.4,0.05,189,0.99174,11.4,Cl2
a3379,WHI,0.28,0.03,140,0.99042,12.5,Cl3
a3380,WHI,0.36,0.046,221,0.9984,9.2,Cl1
a3381,WHI,0.28,0.04,121,0.99111,12.1,Cl2
a3382,WHI,0.19,0.045,125,0.9933,10.7,Cl2
a3383,WHI,0.28,0.04,121,0.99111,12.1,Cl2
a3384,WHI,0.22,0.046,156,0.99316,11.2,Cl2
a3385,WHI,0.23,0.044,179,0.9946,10.6,Cl2
a3386,WHI,0.32,0.037,126,0.99,11.8,Cl2
a3387,WHI,0.28,0.03,140,0.99042,12.5,Cl3
a3388,WHI,0.36,0.046,221,0.9984,9.2,Cl1
a3389,WHI,0.39,0.096,80,0.99016,12.6,Cl2
a3390,WHI,0.24,0.026,77,0.99381,12.8,Cl2
a3391,WHI,0.29,0.026,112,0.99144,12.3,Cl2
a3392,WHI,0.28,0.026,113,0.99139,12.3,Cl3
a3393,WHI,0.38,0.036,91,0.9919,12.4,Cl2
a3394,WHI,0.28,0.03,115,0.99192,12.3,Cl2
a3395,WHI,0.25,0.048,188,0.99576,9.1,Cl1
a3396,WHI,0.26,0.047,186,0.9958,9.1,Cl1
a3397,WHI,0.29,0.032,138,0.9951,10.6,Cl2
a3398,WHI,0.19,0.042,189,0.99304,10.3,Cl2
a3399,WHI,0.33,0.052,183,0.99657,9.5,Cl1
a3400,WHI,0.32,0.037,95,0.99268,11.1,Cl2
a3401,WHI,0.46,0.054,143,0.99392,10.8,Cl2
a3402,WHI,0.19,0.028,120,0.99242,11.2,Cl1
a3403,WHI,0.46,0.054,143,0.99392,10.8,Cl2
a3404,WHI,0.27,0.024,99,0.9925,11.4,Cl1
a3405,WHI,0.18,0.034,94,0.99092,11.2,Cl2
a3406,WHI,0.15,0.037,119,0.99137,10.2,Cl2
a3407,WHI,0.32,0.037,95,0.99268,11.1,Cl2
a3408,WHI,0.33,0.052,183,0.99657,9.5,Cl1
a3409,WHI,0.32,0.041,192,0.99642,10.2,Cl2
a3410,WHI,0.23,0.051,111,0.9916,11,Cl1
a3411,WHI,0.3,0.032,148,0.99458,11.5,Cl2
a3412,WHI,0.14,0.036,127,0.99373,9.8,Cl2
a3413,WHI,0.24,0.042,157,0.99586,10.1,Cl2
a3414,WHI,0.21,0.05,195,0.99942,8.8,Cl2
a3415,WHI,0.3,0.032,148,0.99458,11.5,Cl2
a3416,WHI,0.3,0.031,163,0.9895,12.7,Cl2
a3417,WHI,0.37,0.032,214,0.9963,9.8,Cl2
a3418,WHI,0.64,0.03,76,0.9892,12.9,Cl1
a3419,WHI,0.37,0.032,214,0.9963,9.8,Cl2
a3420,WHI,0.3,0.031,163,0.9895,12.7,Cl2
a3421,WHI,0.28,0.06,145,1.00196,8.5,Cl1
a3422,WHI,0.29,0.059,81,0.99036,12.7,Cl3
a3423,WHI,0.28,0.026,105,0.989,13.1,Cl3
a3424,WHI,0.18,0.051,156,0.99947,9.1,Cl1
a3425,WHI,0.32,0.034,122,0.9916,12.5,Cl2
a3426,WHI,0.17,0.047,156,0.99945,9.1,Cl2
a3427,WHI,0.17,0.047,156,0.99945,9.1,Cl2
a3428,WHI,0.24,0.039,162,0.99375,11.2,Cl2
a3429,WHI,0.32,0.034,122,0.9916,12.5,Cl2
a3430,WHI,0.18,0.051,156,0.99947,9.1,Cl1
a3431,WHI,0.17,0.047,156,0.99945,9.1,Cl2
a3432,WHI,0.18,0.047,158,0.99946,9.1,Cl2
a3433,WHI,0.29,0.044,117,0.99153,11.5,Cl1
a3434,WHI,0.255,0.037,86,0.98834,12.9,Cl2
a3435,WHI,0.34,0.076,92,0.99138,12.5,Cl2
a3436,WHI,0.24,0.034,83,0.98928,12.3,Cl2
a3437,WHI,0.24,0.041,97,0.99246,11.4,Cl2
a3438,WHI,0.4,0.052,113,0.99576,9.4,Cl1
a3439,WHI,0.3,0.057,224,0.99956,9.1,Cl1
a3440,WHI,0.4,0.052,113,0.99576,9.4,Cl1
a3441,WHI,0.17,0.04,106,0.99026,12,Cl1
a3442,WHI,0.25,0.04,111,0.99174,11.1,Cl1
a3443,WHI,0.27,0.035,97,0.99058,11.8,Cl2
a3444,WHI,0.16,0.042,106,0.9905,11.4,Cl2
a3445,WHI,0.3,0.057,224,0.99956,9.1,Cl1
a3446,WHI,0.15,0.033,128,0.99192,12.1,Cl3
a3447,WHI,0.34,0.057,178,0.99554,10.4,Cl2
a3448,WHI,0.17,0.044,98,0.99536,9.2,Cl2
a3449,WHI,0.47,0.034,134,0.99056,13,Cl2
a3450,WHI,0.15,0.033,128,0.99192,12.1,Cl3
a3451,WHI,0.21,0.029,106,0.99112,11.5,Cl2
a3452,WHI,0.21,0.029,106,0.99112,11.5,Cl2
a3453,WHI,0.24,0.047,134,0.99616,10,Cl1
a3454,WHI,0.34,0.038,89,0.99266,11.1,Cl2
a3455,WHI,0.54,0.033,107,0.98918,12.4,Cl1
a3456,WHI,0.23,0.031,86,0.98926,12.2,Cl2
a3457,WHI,0.39,0.042,172,0.99114,10.6,Cl1
a3458,WHI,0.105,0.037,145,0.9912,11.1,Cl2
a3459,WHI,0.32,0.027,123,0.98936,13.9,Cl2
a3460,WHI,0.22,0.056,143,0.9983,9.2,Cl2
a3461,WHI,0.19,0.055,103,0.99532,10.5,Cl2
a3462,WHI,0.24,0.042,179,0.99189,11.3,Cl3
a3463,WHI,0.17,0.04,111,0.99,12.9,Cl2
a3464,WHI,0.3,0.035,106,0.98914,12.9,Cl2
a3465,WHI,0.29,0.046,171,0.99537,9.6,Cl1
a3466,WHI,0.19,0.04,108,0.99,12.9,Cl2
a3467,WHI,0.17,0.04,111,0.99,12.9,Cl2
a3468,WHI,0.24,0.047,219,0.99742,8.8,Cl1
a3469,WHI,0.16,0.031,93,0.98884,13.2,Cl3
a3470,WHI,0.22,0.056,143,0.9983,9.2,Cl2
a3471,WHI,0.24,0.042,179,0.99189,11.3,Cl3
a3472,WHI,0.19,0.055,103,0.99532,10.5,Cl2
a3473,WHI,0.16,0.045,131,0.99284,10.5,Cl2
a3474,WHI,0.3,0.038,97,0.99026,12.6,Cl3
a3475,WHI,0.22,0.064,191,0.99297,9.5,Cl2
a3476,WHI,0.36,0.06,184,0.99711,9.8,Cl2
a3477,WHI,0.37,0.032,86,0.98934,13.4,Cl3
a3478,WHI,0.31,0.037,150,0.9913,11.8,Cl2
a3479,WHI,0.36,0.06,184,0.99711,9.8,Cl2
a3480,WHI,0.32,0.039,94,0.98964,13.1,Cl2
a3481,WHI,0.3,0.038,97,0.99026,12.6,Cl3
a3482,WHI,0.22,0.047,131,0.992,10.4,Cl1
a3483,WHI,0.45,0.033,102,0.98944,13.4,Cl3
a3484,WHI,0.36,0.035,88,0.99031,13,Cl2
a3485,WHI,0.37,0.032,86,0.98934,13.4,Cl3
a3486,WHI,0.21,0.056,113,0.99393,10.2,Cl2
a3487,WHI,0.28,0.039,98,0.9904,11.7,Cl2
a3488,WHI,0.22,0.064,191,0.99297,9.5,Cl2
a3489,WHI,0.2,0.036,83,0.99088,11.7,Cl2
a3490,WHI,0.28,0.041,81,0.99254,11.4,Cl3
a3491,WHI,0.31,0.037,150,0.9913,11.8,Cl2
a3492,WHI,0.2,0.057,111,0.99158,11.2,Cl2
a3493,WHI,0.28,0.036,134,0.99408,13,Cl2
a3494,WHI,0.28,0.036,134,0.99408,13,Cl2
a3495,WHI,0.24,0.042,123,0.99473,10.9,Cl2
a3496,WHI,0.22,0.042,102,0.98998,11.6,Cl2
a3497,WHI,0.24,0.038,134,0.99146,11.3,Cl2
a3498,WHI,0.43,0.032,164,0.99742,12,Cl2
a3499,WHI,0.3,0.052,141,0.99273,10.5,Cl2
a3500,WHI,0.33,0.036,124,0.98922,13.1,Cl2
a3501,WHI,0.28,0.036,134,0.99408,13,Cl2
a3502,WHI,0.24,0.042,123,0.99473,10.9,Cl2
a3503,WHI,0.29,0.054,181,0.99869,9.1,Cl1
a3504,WHI,0.33,0.04,93,0.9896,13.4,Cl2
a3505,WHI,0.16,0.029,133,0.99108,11.5,Cl2
a3506,WHI,0.2,0.031,118,0.99134,11.2,Cl2
a3507,WHI,0.33,0.042,155,0.99385,10.9,Cl2
a3508,WHI,0.36,0.036,115,0.98936,13.5,Cl2
a3509,WHI,0.29,0.054,181,0.99869,9.1,Cl1
a3510,WHI,0.26,0.046,179,0.99606,9.9,Cl2
a3511,WHI,0.22,0.041,167,0.99508,10.5,Cl2
a3512,WHI,0.19,0.046,90,0.99038,11.7,Cl2
a3513,WHI,0.21,0.043,117,0.99158,11,Cl2
a3514,WHI,0.35,0.032,63,0.9932,13,Cl2
a3515,WHI,0.38,0.03,95,0.99164,13.6,Cl2
a3516,WHI,0.19,0.031,87,0.98987,12.3,Cl2
a3517,WHI,0.33,0.044,171,0.98947,13.3,Cl2
a3518,WHI,0.29,0.036,102,0.98819,13.7,Cl2
a3519,WHI,0.2,0.05,131,0.99133,11.1,Cl1
a3520,WHI,0.33,0.038,132,0.99143,13.4,Cl2
a3521,WHI,0.23,0.048,207,0.99571,9.1,Cl1
a3522,WHI,0.23,0.038,152,0.99139,11.3,Cl2
a3523,WHI,0.32,0.048,178,0.99537,9.4,Cl1
a3524,WHI,0.23,0.048,207,0.99571,9.1,Cl1
a3525,WHI,0.36,0.028,132,0.99186,11.6,Cl2
a3526,WHI,0.36,0.028,132,0.99186,11.6,Cl2
a3527,WHI,0.27,0.024,128,0.98984,12.4,Cl2
a3528,WHI,0.23,0.053,146,0.9963,9.8,Cl2
a3529,WHI,0.75,0.036,50,0.99312,11.1,Cl1
a3530,WHI,0.35,0.034,134,0.9897,13.1,Cl2
a3531,WHI,0.31,0.046,178,0.9955,9.7,Cl1
a3532,WHI,0.28,0.048,179,0.99528,9.2,Cl1
a3533,WHI,0.23,0.036,85,0.99279,11.7,Cl2
a3534,WHI,0.22,0.045,136,0.99704,10.6,Cl2
a3535,WHI,0.31,0.046,178,0.9955,9.7,Cl1
a3536,WHI,0.28,0.048,179,0.99528,9.2,Cl1
a3537,WHI,0.24,0.032,92,0.9914,10.9,Cl2
a3538,WHI,0.27,0.146,105,0.99224,10.1,Cl1
a3539,WHI,0.28,0.029,128,0.99074,12.2,Cl2
a3540,WHI,0.27,0.031,80,0.98892,12.7,Cl2
a3541,WHI,0.28,0.024,99,0.98959,13,Cl2
a3542,WHI,0.26,0.03,123,0.99212,11.2,Cl2
a3543,WHI,0.23,0.036,153,0.99576,9.4,Cl2
a3544,WHI,0.33,0.031,159,0.9919,11,Cl2
a3545,WHI,0.33,0.031,159,0.9919,11,Cl2
a3546,WHI,0.2,0.039,237,1.00037,9.2,Cl2
a3547,WHI,0.23,0.036,153,0.99576,9.4,Cl2
a3548,WHI,0.2,0.039,237,1.00037,9.2,Cl2
a3549,WHI,0.47,0.029,142,0.992,12.3,Cl2
a3550,WHI,0.33,0.031,159,0.9919,11,Cl2
a3551,WHI,0.14,0.022,116,0.99218,10,Cl2
a3552,WHI,0.22,0.044,110,0.99855,9,Cl2
a3553,WHI,0.22,0.044,110,0.99855,9,Cl2
a3554,WHI,0.22,0.044,110,0.99855,9,Cl2
a3555,WHI,0.2,0.023,87,0.99062,11.1,Cl2
a3556,WHI,0.14,0.042,123,0.99362,9.9,Cl2
a3557,WHI,0.21,0.037,112,0.99324,12.2,Cl2
a3558,WHI,0.2,0.023,87,0.99062,11.1,Cl2
a3559,WHI,0.22,0.044,110,0.99855,9,Cl2
a3560,WHI,0.34,0.031,34,0.99098,11.8,Cl1
a3561,WHI,0.64,0.032,78,0.99036,12.9,Cl2
a3562,WHI,0.48,0.05,86,0.99398,9,Cl1
a3563,WHI,0.37,0.028,162,0.9903,12.4,Cl2
a3564,WHI,0.48,0.05,86,0.99398,9,Cl1
a3565,WHI,0.64,0.032,78,0.99036,12.9,Cl2
a3566,WHI,0.25,0.036,85,0.99406,11.2,Cl2
a3567,WHI,0.38,0.029,112,0.9906,12.6,Cl2
a3568,WHI,0.26,0.031,80,0.99089,11.5,Cl2
a3569,WHI,0.15,0.035,93,0.99096,11.3,Cl2
a3570,WHI,0.25,0.036,85,0.99406,11.2,Cl2
a3571,WHI,0.26,0.031,80,0.99089,11.5,Cl2
a3572,WHI,0.655,0.033,31,0.9936,10.5,Cl1
a3573,WHI,0.38,0.029,112,0.9906,12.6,Cl2
a3574,WHI,0.31,0.027,87,0.9911,11.9,Cl2
a3575,WHI,0.17,0.036,119,0.99396,10.1,Cl2
a3576,WHI,0.18,0.027,112,0.99089,11,Cl2
a3577,WHI,0.28,0.048,161,0.9968,10.6,Cl1
a3578,WHI,0.23,0.035,120,0.99138,11.3,Cl2
a3579,WHI,0.22,0.038,124,0.99098,11.2,Cl1
a3580,WHI,0.25,0.028,78,0.99238,11.5,Cl2
a3581,WHI,0.3,0.026,143,0.99244,11.1,Cl1
a3582,WHI,0.26,0.023,130,0.99176,12.8,Cl2
a3583,WHI,0.32,0.037,76,0.98993,12.3,Cl2
a3584,WHI,0.24,0.041,102,0.9929,10.4,Cl2
a3585,WHI,0.25,0.028,78,0.99238,11.5,Cl2
a3586,WHI,0.24,0.032,104,0.98988,11.7,Cl2
a3587,WHI,0.28,0.044,158,0.992,10.7,Cl2
a3588,WHI,0.19,0.042,114,0.99784,9.5,Cl2
a3589,WHI,0.19,0.042,114,0.99784,9.5,Cl2
a3590,WHI,0.19,0.042,114,0.99784,9.5,Cl2
a3591,WHI,0.19,0.037,107,0.99006,12,Cl2
a3592,WHI,0.28,0.053,186,0.99211,10.8,Cl1
a3593,WHI,0.28,0.043,158,0.99202,10.7,Cl2
a3594,WHI,0.28,0.044,158,0.992,10.7,Cl2
a3595,WHI,0.19,0.049,107,0.99332,10.7,Cl2
a3596,WHI,0.16,0.031,123,0.98958,12.1,Cl2
a3597,WHI,0.17,0.034,108,0.98939,11.9,Cl2
a3598,WHI,0.19,0.042,137,0.99492,10.8,Cl2
a3599,WHI,0.2,0.033,169,0.99043,12.3,Cl2
a3600,WHI,0.39,0.053,226,0.99787,9.4,Cl2
a3601,WHI,0.12,0.049,88,0.99654,9.9,Cl2
a3602,WHI,0.295,0.039,140,0.99304,10.4,Cl2
a3603,WHI,0.26,0.038,137,0.9952,10.4,Cl2
a3604,WHI,0.32,0.027,122,0.99165,12.6,Cl2
a3605,WHI,0.36,0.017,69,0.9892,12.5,Cl2
a3606,WHI,0.35,0.056,167,0.99628,9.4,Cl1
a3607,WHI,0.38,0.047,151,0.99604,9.2,Cl1
a3608,WHI,0.14,0.047,90,0.99164,11.2,Cl2
a3609,WHI,0.16,0.044,149,0.998,9.2,Cl2
a3610,WHI,0.16,0.044,149,0.998,9.2,Cl2
a3611,WHI,0.35,0.056,167,0.99628,9.4,Cl1
a3612,WHI,0.14,0.047,90,0.99164,11.2,Cl2
a3613,WHI,0.16,0.046,114,0.99226,10.8,Cl2
a3614,WHI,0.16,0.044,149,0.998,9.2,Cl2
a3615,WHI,0.38,0.047,151,0.99604,9.2,Cl1
a3616,WHI,0.24,0.037,95,0.98914,12.5,Cl2
a3617,WHI,0.32,0.041,188,0.99794,9.3,Cl1
a3618,WHI,0.29,0.041,117,0.99048,11.4,Cl1
a3619,WHI,0.27,0.044,118,0.99726,10,Cl2
a3620,WHI,0.45,0.031,122,1.00295,10.6,Cl2
a3621,WHI,0.2,0.04,168,0.99278,10.7,Cl2
a3622,WHI,0.27,0.044,118,0.99726,10,Cl2
a3623,WHI,0.24,0.037,95,0.98914,12.5,Cl2
a3624,WHI,0.45,0.031,122,1.00295,10.6,Cl2
a3625,WHI,0.36,0.029,93,0.99054,12.8,Cl2
a3626,WHI,0.32,0.041,188,0.99794,9.3,Cl1
a3627,WHI,0.29,0.041,117,0.99048,11.4,Cl1
a3628,WHI,0.37,0.117,183,0.99459,9.5,Cl1
a3629,WHI,0.38,0.117,181,0.99459,9.5,Cl2
a3630,WHI,0.36,0.118,172,0.9946,9.5,Cl2
a3631,WHI,0.3,0.036,124,0.99362,10.8,Cl2
a3632,WHI,0.3,0.036,124,0.99362,10.8,Cl2
a3633,WHI,0.21,0.045,125,0.99966,8.8,Cl2
a3634,WHI,0.3,0.036,124,0.99362,10.8,Cl2
a3635,WHI,0.31,0.021,156,0.99442,11,Cl2
a3636,WHI,0.58,0.02,96,0.98918,12.4,Cl2
a3637,WHI,0.26,0.02,66,0.99089,11.3,Cl2
a3638,WHI,0.3,0.018,127,0.99474,11.2,Cl2
a3639,WHI,0.29,0.014,89,0.99008,12.5,Cl2
a3640,WHI,0.13,0.017,99,0.99348,10,Cl2
a3641,WHI,0.19,0.047,130,0.99283,11,Cl2
a3642,WHI,0.25,0.052,152,0.99398,10.5,Cl2
a3643,WHI,0.25,0.052,152,0.99398,10.5,Cl2
a3644,WHI,0.19,0.047,130,0.99283,11,Cl2
a3645,WHI,0.24,0.046,133,0.9908,11.4,Cl2
a3646,WHI,0.18,0.039,139,0.99165,11.3,Cl2
a3647,WHI,0.33,0.031,73,0.99076,12.2,Cl2
a3648,WHI,0.29,0.037,95,0.98942,12.6,Cl2
a3649,WHI,0.31,0.032,138,0.99244,11.1,Cl1
a3650,WHI,0.29,0.035,126,0.99058,12.3,Cl2
a3651,WHI,0.19,0.037,122,0.99255,10.4,Cl1
a3652,WHI,0.32,0.06,190,0.99916,8.8,Cl2
a3653,WHI,0.085,0.036,109,0.99306,9.5,Cl2
a3654,WHI,0.32,0.06,190,0.99916,8.8,Cl2
a3655,WHI,0.18,0.047,109,0.99498,10.4,Cl2
a3656,WHI,0.52,0.038,130,0.99,13,Cl2
a3657,WHI,0.28,0.03,191,0.99338,12.2,Cl2
a3658,WHI,0.15,0.035,128,0.99456,10.5,Cl3
a3659,WHI,0.275,0.043,149,0.9926,10.8,Cl2
a3660,WHI,0.53,0.036,128,0.98856,13.2,Cl3
a3661,WHI,0.32,0.032,115,0.98946,13,Cl3
a3662,WHI,0.22,0.049,152,0.99346,10,Cl2
a3663,WHI,0.6,0.05,76,0.99268,10.4,Cl1
a3664,WHI,0.26,0.034,145,0.98944,12.4,Cl2
a3665,WHI,0.29,0.035,155,0.98976,12.9,Cl3
a3666,WHI,0.53,0.036,128,0.98856,13.2,Cl3
a3667,WHI,0.21,0.038,152,0.99523,10.5,Cl2
a3668,WHI,0.32,0.032,115,0.98946,13,Cl3
a3669,WHI,0.27,0.03,82,0.99402,11.2,Cl1
a3670,WHI,0.37,0.029,102,0.98916,12.7,Cl2
a3671,WHI,0.21,0.044,155,0.99655,9.4,Cl2
a3672,WHI,0.3,0.025,95,0.99071,12.9,Cl2
a3673,WHI,0.41,0.032,74,0.98889,13,Cl3
a3674,WHI,0.3,0.029,93,0.98742,13.6,Cl2
a3675,WHI,0.34,0.053,112,0.99336,9.1,Cl1
a3676,WHI,0.25,0.049,166,0.992,10.4,Cl2
a3677,WHI,0.3,0.029,93,0.98742,13.6,Cl2
a3678,WHI,0.58,0.032,169,0.99275,12.2,Cl2
a3679,WHI,0.23,0.085,111,1.00044,8.7,Cl1
a3680,WHI,0.2,0.037,105,0.99444,10.5,Cl2
a3681,WHI,0.15,0.044,183,0.99742,10.2,Cl2
a3682,WHI,0.22,0.027,122,0.99228,12.5,Cl3
a3683,WHI,0.16,0.051,122,0.99058,11.3,Cl2
a3684,WHI,0.15,0.044,183,0.99742,10.2,Cl2
a3685,WHI,0.31,0.028,122,0.99164,12.6,Cl2
a3686,WHI,0.15,0.044,183,0.99742,10.2,Cl2
a3687,WHI,0.3,0.087,177,0.99438,9.8,Cl1
a3688,WHI,0.16,0.03,98,0.99402,10.8,Cl1
a3689,WHI,0.21,0.04,186,0.99128,12.5,Cl2
a3690,WHI,0.22,0.027,122,0.99228,12.5,Cl3
a3691,WHI,0.21,0.027,150,0.991,11.5,Cl2
a3692,WHI,0.22,0.027,112,0.9931,11.4,Cl2
a3693,WHI,0.2,0.037,105,0.99444,10.5,Cl2
a3694,WHI,0.31,0.028,122,0.99164,12.6,Cl2
a3695,WHI,0.23,0.085,111,1.00044,8.7,Cl1
a3696,WHI,0.15,0.053,146,0.99112,11,Cl2
a3697,WHI,0.16,0.051,122,0.99058,11.3,Cl2
a3698,WHI,0.15,0.044,182,0.99742,10.2,Cl2
a3699,WHI,0.22,0.036,96,0.98961,11.6,Cl2
a3700,WHI,0.3,0.087,177,0.99438,9.8,Cl1
a3701,WHI,0.3,0.076,145,0.99344,10.1,Cl1
a3702,WHI,0.26,0.05,139,0.99904,9.2,Cl1
a3703,WHI,0.24,0.05,180,0.99884,9.1,Cl2
a3704,WHI,0.24,0.05,180,0.99884,9.1,Cl2
a3705,WHI,0.24,0.05,180,0.99884,9.1,Cl2
a3706,WHI,0.24,0.05,180,0.99884,9.1,Cl2
a3707,WHI,0.15,0.037,79,0.98949,11.7,Cl2
a3708,WHI,0.34,0.041,114,0.99014,12.6,Cl2
a3709,WHI,0.35,0.088,183,0.99786,9,Cl1
a3710,WHI,0.31,0.039,141,0.99206,10.1,Cl1
a3711,WHI,0.67,0.02,9,0.98722,13.6,Cl1
a3712,WHI,0.24,0.05,180,0.99884,9.1,Cl2
a3713,WHI,0.2,0.045,159,0.99666,9.2,Cl1
a3714,WHI,0.28,0.049,190,0.99754,8.8,Cl1
a3715,WHI,0.18,0.028,95,0.99272,10,Cl1
a3716,WHI,0.35,0.036,196,0.99712,9.1,Cl2
a3717,WHI,0.22,0.041,182,0.99104,11.2,Cl1
a3718,WHI,0.18,0.053,119,0.99373,9.2,Cl2
a3719,WHI,0.26,0.05,139,0.99904,9.2,Cl1
a3720,WHI,0.3,0.038,200,0.9956,9.5,Cl1
a3721,WHI,0.34,0.024,152,0.99095,11.9,Cl2
a3722,WHI,0.3,0.068,138,0.99382,9.8,Cl1
a3723,WHI,0.31,0.069,134,0.99382,9.8,Cl1
a3724,WHI,0.265,0.036,150,0.99299,10.8,Cl2
a3725,WHI,0.255,0.051,122,0.99048,11.3,Cl2
a3726,WHI,0.26,0.028,121,0.99254,12.1,Cl2
a3727,WHI,0.17,0.03,111,0.9902,11.3,Cl2
a3728,WHI,0.265,0.036,150,0.99299,10.8,Cl2
a3729,WHI,0.2,0.028,75,0.99012,13.5,Cl2
a3730,WHI,0.28,0.044,126,0.99293,10.3,Cl1
a3731,WHI,0.22,0.035,184,1.00022,9,Cl2
a3732,WHI,0.34,0.041,166,0.99382,11.6,Cl2
a3733,WHI,0.28,0.044,126,0.99293,10.3,Cl1
a3734,WHI,0.19,0.029,116,0.98954,12.5,Cl2
a3735,WHI,0.21,0.042,125,0.99936,8.6,Cl1
a3736,WHI,0.22,0.16,74,0.9884,13.4,Cl2
a3737,WHI,0.32,0.026,88,0.99144,12.7,Cl1
a3738,WHI,0.21,0.167,120,0.99324,9.2,Cl1
a3739,WHI,0.26,0.034,135,0.99174,10.2,Cl2
a3740,WHI,0.15,0.051,149,0.99792,9,Cl2
a3741,WHI,0.15,0.051,149,0.99792,9,Cl2
a3742,WHI,0.15,0.051,149,0.99792,9,Cl2
a3743,WHI,0.15,0.051,149,0.99792,9,Cl2
a3744,WHI,0.15,0.051,149,0.99792,9,Cl2
a3745,WHI,0.15,0.051,149,0.99792,9,Cl2
a3746,WHI,0.15,0.051,149,0.99792,9,Cl2
a3747,WHI,0.27,0.04,121,0.99043,11.9,Cl1
a3748,WHI,0.22,0.07,194,0.99654,9,Cl2
a3749,WHI,0.24,0.055,134,0.99758,9,Cl1
a3750,WHI,0.28,0.051,143,0.99374,11,Cl2
a3751,WHI,0.15,0.051,149,0.99792,9,Cl2
a3752,WHI,0.17,0.039,108,0.99243,10,Cl1
a3753,WHI,0.26,0.04,184,0.99216,10.7,Cl1
a3754,WHI,0.27,0.042,183,0.99215,10.7,Cl1
a3755,WHI,0.46,0.026,130,0.98953,13.4,Cl3
a3756,WHI,0.19,0.015,124,0.99278,11,Cl2
a3757,WHI,0.17,0.039,108,0.99243,10,Cl1
a3758,WHI,0.26,0.04,184,0.99216,10.7,Cl1
a3759,WHI,0.27,0.042,183,0.99215,10.7,Cl1
a3760,WHI,0.19,0.015,124,0.99278,11,Cl2
a3761,WHI,0.2,0.016,101,0.99186,11,Cl2
a3762,WHI,0.17,0.028,98,0.99072,11.1,Cl2
a3763,WHI,0.2,0.025,40,0.99244,10.9,Cl1
a3764,WHI,0.39,0.017,80,0.99084,11.5,Cl1
a3765,WHI,0.46,0.026,130,0.98953,13.4,Cl3
a3766,WHI,0.4,0.033,186,0.99754,9.4,Cl1
a3767,WHI,0.4,0.033,186,0.99754,9.4,Cl1
a3768,WHI,0.4,0.033,186,0.99754,9.4,Cl1
a3769,WHI,0.24,0.035,134,0.99567,10.6,Cl2
a3770,WHI,0.4,0.033,186,0.99754,9.4,Cl1
a3771,WHI,0.27,0.014,143,0.99094,12,Cl1
a3772,WHI,0.27,0.042,125,0.99532,10.2,Cl2
a3773,WHI,0.24,0.035,134,0.99567,10.6,Cl2
a3774,WHI,0.61,0.009,100,0.9874,13.5,Cl1
a3775,WHI,0.42,0.04,248,0.99794,9.7,Cl1
a3776,WHI,0.33,0.018,103,0.99122,12.2,Cl2
a3777,WHI,0.33,0.04,135,0.99226,12.3,Cl1
a3778,WHI,0.33,0.018,103,0.99122,12.2,Cl2
a3779,WHI,0.15,0.022,100,0.99099,11.4,Cl2
a3780,WHI,0.32,0.022,97,0.99134,12.7,Cl2
a3781,WHI,0.42,0.04,248,0.99794,9.7,Cl1
a3782,WHI,0.25,0.02,113,0.99338,10.8,Cl2
a3783,WHI,0.27,0.018,96,0.9938,11,Cl2
a3784,WHI,0.27,0.05,196,0.9955,9.5,Cl1
a3785,WHI,0.25,0.064,140,0.99776,10.1,Cl2
a3786,WHI,0.19,0.027,100,0.98964,13.2,Cl2
a3787,WHI,0.29,0.037,182,0.99808,8.8,Cl1
a3788,WHI,0.34,0.043,201,0.99551,9.5,Cl1
a3789,WHI,0.27,0.044,202,0.99548,9.5,Cl1
a3790,WHI,0.26,0.047,191,0.99541,9.5,Cl2
a3791,WHI,0.27,0.05,196,0.9955,9.5,Cl1
a3792,WHI,0.26,0.051,197,0.99536,9.5,Cl1
a3793,WHI,0.25,0.043,133,0.99524,10.4,Cl2
a3794,WHI,0.32,0.049,170,0.9961,9.9,Cl2
a3795,WHI,0.24,0.046,113,0.99224,10,Cl1
a3796,WHI,0.25,0.064,140,0.99776,10.1,Cl2
a3797,WHI,0.13,0.056,95,0.99702,9.4,Cl2
a3798,WHI,0.39,0.098,91,0.99657,9.3,Cl1
a3799,WHI,0.21,0.057,138,0.99176,10.9,Cl1
a3800,WHI,0.3,0.042,177,0.99166,11.4,Cl1
a3801,WHI,0.2,0.036,49,0.99242,10.3,Cl1
a3802,WHI,0.18,0.033,57,0.99109,11,Cl2
a3803,WHI,0.21,0.057,138,0.99176,10.9,Cl1
a3804,WHI,0.17,0.042,111,0.99278,10.8,Cl2
a3805,WHI,0.2,0.036,49,0.99242,10.3,Cl1
a3806,WHI,0.18,0.033,57,0.99109,11,Cl2
a3807,WHI,0.39,0.098,91,0.99657,9.3,Cl1
a3808,WHI,0.21,0.041,113,0.99358,10.2,Cl1
a3809,WHI,0.21,0.042,109,0.99358,10.2,Cl2
a3810,WHI,0.17,0.042,111,0.99278,10.8,Cl2
a3811,WHI,0.26,0.06,162,0.99705,10.5,Cl1
a3812,WHI,0.28,0.052,156,0.9912,11.1,Cl1
a3813,WHI,0.21,0.057,138,0.99176,10.9,Cl1
a3814,WHI,0.3,0.042,177,0.99166,11.4,Cl1
a3815,WHI,0.34,0.049,149,0.99677,10.3,Cl1
a3816,WHI,0.43,0.042,106,0.99172,12.9,Cl2
a3817,WHI,0.41,0.045,131,0.9953,9.9,Cl1
a3818,WHI,0.4,0.036,131,0.99186,11.3,Cl2
a3819,WHI,0.35,0.034,120,0.99188,11.5,Cl2
a3820,WHI,0.35,0.034,120,0.99188,11.5,Cl2
a3821,WHI,0.3,0.039,132,0.99158,10.7,Cl1
a3822,WHI,0.28,0.042,139,0.99522,10.4,Cl2
a3823,WHI,0.33,0.033,204,0.99176,12.5,Cl2
a3824,WHI,0.26,0.052,197,0.99558,9.5,Cl1
a3825,WHI,0.24,0.042,104,0.9911,11.3,Cl2
a3826,WHI,0.46,0.034,88,0.99016,13,Cl2
a3827,WHI,0.35,0.034,120,0.99188,11.5,Cl2
a3828,WHI,0.23,0.053,99,0.98956,11.5,Cl1
a3829,WHI,0.4,0.036,131,0.99186,11.3,Cl2
a3830,WHI,0.44,0.035,100,0.99062,13.2,Cl2
a3831,WHI,0.26,0.034,111,0.99274,11.5,Cl2
a3832,WHI,0.31,0.086,130,0.993,9.6,Cl1
a3833,WHI,0.31,0.086,130,0.993,9.6,Cl1
a3834,WHI,0.15,0.058,110,0.9978,9.7,Cl2
a3835,WHI,0.41,0.052,142,0.9946,9.2,Cl1
a3836,WHI,0.31,0.052,113,0.99429,8.4,Cl1
a3837,WHI,0.27,0.05,103,0.99002,12.4,Cl2
a3838,WHI,0.27,0.05,103,0.99002,12.4,Cl2
a3839,WHI,0.41,0.052,142,0.9946,9.2,Cl1
a3840,WHI,0.31,0.052,113,0.99429,8.4,Cl1
a3841,WHI,0.37,0.028,84,0.9909,11.7,Cl2
a3842,WHI,0.21,0.036,191,0.99294,11,Cl2
a3843,WHI,0.26,0.032,109,0.99044,11.9,Cl2
a3844,WHI,0.34,0.028,100,0.98958,13.2,Cl2
a3845,WHI,0.37,0.028,84,0.9909,11.7,Cl2
a3846,WHI,0.32,0.055,176,0.9986,9.1,Cl1
a3847,WHI,0.24,0.023,109,0.99262,12.6,Cl2
a3848,WHI,0.32,0.055,176,0.9986,9.1,Cl1
a3849,WHI,0.39,0.194,90,0.99212,10.5,Cl2
a3850,WHI,0.31,0.047,87,0.99628,10.6,Cl1
a3851,WHI,0.24,0.023,109,0.99262,12.6,Cl2
a3852,WHI,0.17,0.03,123,0.98913,13.7,Cl2
a3853,WHI,0.2,0.037,93,0.99021,12,Cl2
a3854,WHI,0.32,0.031,120,0.99198,12.5,Cl2
a3855,WHI,0.12,0.03,110,0.99226,12.1,Cl2
a3856,WHI,0.18,0.032,137,0.99159,11.3,Cl2
a3857,WHI,0.2,0.037,93,0.99021,12,Cl2
a3858,WHI,0.17,0.049,104,0.99224,10.3,Cl2
a3859,WHI,0.21,0.039,136,0.99068,12.7,Cl2
a3860,WHI,0.25,0.048,207,0.99587,9.2,Cl1
a3861,WHI,0.25,0.048,207,0.99587,9.2,Cl1
a3862,WHI,0.22,0.054,152,0.99728,9.5,Cl2
a3863,WHI,0.27,0.045,175,0.99364,10.1,Cl2
a3864,WHI,0.27,0.045,175,0.99364,10.1,Cl2
a3865,WHI,0.39,0.038,98,0.99018,13,Cl2
a3866,WHI,0.31,0.04,101,0.98968,13.1,Cl2
a3867,WHI,0.23,0.048,113,0.99178,11,Cl2
a3868,WHI,0.25,0.048,207,0.99587,9.2,Cl1
a3869,WHI,0.22,0.056,177,0.9961,9.4,Cl2
a3870,WHI,0.22,0.054,152,0.99728,9.5,Cl2
a3871,WHI,0.23,0.055,134,0.99534,10.2,Cl2
a3872,WHI,0.27,0.045,175,0.99364,10.1,Cl2
a3873,WHI,0.36,0.054,193,0.99864,8.6,Cl1
a3874,WHI,0.37,0.094,181,0.99776,9,Cl1
a3875,WHI,0.26,0.062,194,0.99545,9.6,Cl1
a3876,WHI,0.22,0.057,98,0.99299,9.9,Cl2
a3877,WHI,0.22,0.059,135,0.99665,10.5,Cl1
a3878,WHI,0.28,0.053,98,0.99069,11.4,Cl1
a3879,WHI,0.35,0.069,170,0.99692,9.4,Cl1
a3880,WHI,0.73,0.054,65,0.99324,11.1,Cl1
a3881,WHI,0.28,0.047,111,0.99896,8.9,Cl2
a3882,WHI,0.28,0.047,111,0.99896,8.9,Cl2
a3883,WHI,0.2,0.049,129,0.99226,10.8,Cl1
a3884,WHI,0.33,0.045,143,0.99226,12.2,Cl2
a3885,WHI,0.28,0.047,111,0.99896,8.9,Cl2
a3886,WHI,0.24,0.029,63,0.99076,12.5,Cl2
a3887,WHI,0.33,0.045,143,0.99226,12.2,Cl2
a3888,WHI,0.24,0.029,63,0.99076,12.5,Cl2
a3889,WHI,0.28,0.047,111,0.99896,8.9,Cl2
a3890,WHI,0.27,0.046,127,0.9951,10.8,Cl2
a3891,WHI,0.38,0.043,98,0.99234,11.4,Cl2
a3892,WHI,0.2,0.049,129,0.99226,10.8,Cl1
a3893,WHI,0.21,0.036,127,0.99368,10.6,Cl1
a3894,WHI,0.34,0.044,63,0.9937,9.2,Cl1
a3895,WHI,0.435,0.031,134,0.99151,12.2,Cl2
a3896,WHI,0.25,0.021,76,0.99021,12.3,Cl2
a3897,WHI,0.26,0.038,179,0.99479,10.4,Cl2
a3898,WHI,0.24,0.035,172,0.9954,10.4,Cl2
a3899,WHI,0.23,0.035,110,0.99176,11,Cl2
a3900,WHI,0.21,0.036,127,0.99368,10.6,Cl1
a3901,WHI,0.34,0.044,63,0.9937,9.2,Cl1
a3902,WHI,0.65,0.013,10,0.99246,13.5,Cl1
a3903,WHI,0.22,0.144,65,0.9908,11.4,Cl2
a3904,WHI,0.27,0.071,69,0.98994,11.5,Cl2
a3905,WHI,0.455,0.036,106,0.98746,14,Cl2
a3906,WHI,0.33,0.036,88,0.99028,12.5,Cl2
a3907,WHI,0.33,0.036,88,0.99028,12.5,Cl2
a3908,WHI,0.31,0.038,83,0.98867,12.8,Cl2
a3909,WHI,0.39,0.037,138,0.99174,11.2,Cl2
a3910,WHI,0.39,0.037,138,0.99174,11.2,Cl2
a3911,WHI,0.37,0.04,139,0.99021,13.6,Cl2
a3912,WHI,0.23,0.149,109,0.99304,9.2,Cl2
a3913,WHI,0.33,0.036,88,0.99028,12.5,Cl2
a3914,WHI,0.25,0.054,105,0.99154,11.1,Cl2
a3915,WHI,0.39,0.037,138,0.99174,11.2,Cl2
a3916,WHI,0.455,0.036,106,0.98746,14,Cl2
a3917,WHI,0.37,0.04,139,0.99021,13.6,Cl2
a3918,WHI,0.28,0.056,206,0.9956,9.4,Cl1
a3919,WHI,0.35,0.037,113,0.98779,14.2,Cl2
a3920,WHI,0.31,0.035,107,0.98836,13.2,Cl2
a3921,WHI,0.25,0.05,132,0.99138,11.2,Cl2
a3922,WHI,0.36,0.057,173,0.99751,10.2,Cl1
a3923,WHI,0.31,0.038,83,0.98867,12.8,Cl2
a3924,WHI,0.31,0.045,109,0.99249,10.1,Cl1
a3925,WHI,0.31,0.045,109,0.99249,10.1,Cl1
a3926,WHI,0.22,0.031,95,0.99239,10.3,Cl1
a3927,WHI,0.14,0.056,91,0.99512,9.9,Cl2
a3928,WHI,0.22,0.046,106,0.99098,11.5,Cl1
a3929,WHI,0.32,0.063,173,0.99872,9,Cl1
a3930,WHI,0.32,0.063,173,0.99872,9,Cl1
a3931,WHI,0.28,0.03,101,0.98894,12.1,Cl2
a3932,WHI,0.3,0.036,106,0.988245,13.3,Cl2
a3933,WHI,0.22,0.05,116,0.99326,11.5,Cl3
a3934,WHI,0.31,0.039,67,0.99328,11,Cl1
a3935,WHI,0.27,0.04,84,0.99222,10.7,Cl2
a3936,WHI,0.46,0.046,184,0.99898,9.4,Cl1
a3937,WHI,0.23,0.042,108,0.99486,10.3,Cl2
a3938,WHI,0.36,0.185,151,0.99528,9.3,Cl1
a3939,WHI,0.18,0.04,92,0.99062,12,Cl2
a3940,WHI,0.27,0.048,159,0.99282,11,Cl2
a3941,WHI,0.4,0.053,148,0.996,9.3,Cl1
a3942,WHI,0.345,0.068,143,0.99138,10.1,Cl1
a3943,WHI,0.23,0.053,106,0.99166,11.1,Cl2
a3944,WHI,0.2,0.046,113,0.99408,9.9,Cl2
a3945,WHI,0.27,0.048,161,0.99281,11,Cl2
a3946,WHI,0.27,0.048,159,0.99282,11,Cl2
a3947,WHI,0.3,0.042,127,0.98964,12.5,Cl2
a3948,WHI,0.3,0.042,142,0.98952,12.7,Cl2
a3949,WHI,0.14,0.045,105,0.99469,9.3,Cl1
a3950,WHI,0.4,0.053,148,0.996,9.3,Cl1
a3951,WHI,0.345,0.068,143,0.99138,10.1,Cl1
a3952,WHI,0.33,0.066,161,0.9991,8.8,Cl1
a3953,WHI,0.16,0.043,90,0.99047,11.2,Cl2
a3954,WHI,0.22,0.038,122,0.99178,10.8,Cl2
a3955,WHI,0.33,0.066,161,0.9991,8.8,Cl1
a3956,WHI,0.16,0.043,90,0.99047,11.2,Cl2
a3957,WHI,0.24,0.05,145,0.99207,10.3,Cl1
a3958,WHI,0.31,0.026,87,0.99152,12,Cl1
a3959,WHI,0.185,0.048,110,0.99438,9.5,Cl2
a3960,WHI,0.185,0.048,110,0.99438,9.5,Cl2
a3961,WHI,0.43,0.04,159,0.99622,9.8,Cl2
a3962,WHI,0.39,0.084,170,0.99773,9,Cl1
a3963,WHI,0.58,0.032,118,0.99088,13,Cl2
a3964,WHI,0.34,0.044,116,0.99108,11.8,Cl2
a3965,WHI,0.35,0.056,176.5,0.99803,8.8,Cl1
a3966,WHI,0.38,0.05,102,0.99304,11.2,Cl1
a3967,WHI,0.185,0.048,110,0.99438,9.5,Cl2
a3968,WHI,0.27,0.049,200,0.99548,9.4,Cl1
a3969,WHI,0.29,0.049,192,0.99551,9.5,Cl2
a3970,WHI,0.17,0.034,125,0.99152,10.4,Cl2
a3971,WHI,0.18,0.035,143,0.99572,9.8,Cl2
a3972,WHI,0.17,0.034,125,0.99152,10.4,Cl2
a3973,WHI,0.37,0.175,98,0.99244,10.3,Cl2
a3974,WHI,0.27,0.049,200,0.99548,9.4,Cl1
a3975,WHI,0.29,0.049,192,0.99551,9.5,Cl2
a3976,WHI,0.24,0.033,134,0.9903,11.9,Cl2
a3977,WHI,0.32,0.025,124,0.99162,12.8,Cl2
a3978,WHI,0.27,0.03,117,0.99116,13,Cl2
a3979,WHI,0.29,0.04,192,0.9922,10.4,Cl2
a3980,WHI,0.29,0.034,193,0.99223,10.4,Cl2
a3981,WHI,0.22,0.035,135,0.99481,10.7,Cl1
a3982,WHI,0.22,0.036,157,0.9928,10.7,Cl2
a3983,WHI,0.24,0.033,134,0.9903,11.9,Cl2
a3984,WHI,0.23,0.043,101,0.99429,10.4,Cl2
a3985,WHI,0.32,0.025,124,0.99162,12.8,Cl2
a3986,WHI,0.11,0.044,104,0.99454,9.9,Cl2
a3987,WHI,0.11,0.044,104,0.99454,9.9,Cl2
a3988,WHI,0.23,0.048,223,0.99863,9.4,Cl2
a3989,WHI,0.2,0.048,129,0.991,11.4,Cl2
a3990,WHI,0.11,0.044,104,0.99454,9.9,Cl2
a3991,WHI,0.23,0.048,223,0.99863,9.4,Cl2
a3992,WHI,0.2,0.06,104,0.99317,9.2,Cl1
a3993,WHI,0.19,0.041,76,0.99173,10.5,Cl2
a3994,WHI,0.28,0.048,111,0.99455,11,Cl2
a3995,WHI,0.28,0.048,111,0.99455,11,Cl2
a3996,WHI,0.37,0.038,127,0.99186,12.1,Cl1
a3997,WHI,0.28,0.048,111,0.99455,11,Cl2
a3998,WHI,0.26,0.041,144,0.98944,12.8,Cl2
a3999,WHI,0.24,0.053,120,0.9942,10.5,Cl2
a4000,WHI,0.24,0.053,120,0.9942,10.5,Cl2
a4001,WHI,0.24,0.053,120,0.9942,10.5,Cl2
a4002,WHI,0.25,0.062,122,0.99238,9.5,Cl1
a4003,WHI,0.25,0.052,94,0.99782,9.2,Cl2
a4004,WHI,0.14,0.047,117,0.99111,11.1,Cl2
a4005,WHI,0.38,0.042,112,0.99067,12.3,Cl2
a4006,WHI,0.14,0.047,117,0.99111,11.1,Cl2
a4007,WHI,0.15,0.037,51,0.98878,12.6,Cl2
a4008,WHI,0.25,0.062,122,0.99238,9.5,Cl1
a4009,WHI,0.25,0.052,94,0.99782,9.2,Cl2
a4010,WHI,0.22,0.054,152,0.9938,10.8,Cl2
a4011,WHI,0.21,0.044,122,0.99143,11.3,Cl2
a4012,WHI,0.26,0.041,144,0.98944,12.8,Cl2
a4013,WHI,0.24,0.053,120,0.9942,10.5,Cl2
a4014,WHI,0.46,0.051,171,0.99588,9.8,Cl2
a4015,WHI,0.18,0.054,183,1.00038,8.5,Cl2
a4016,WHI,0.32,0.054,97,0.99424,9.3,Cl1
a4017,WHI,0.4,0.055,151,0.99626,9.2,Cl1
a4018,WHI,0.23,0.037,115,0.99076,11.4,Cl2
a4019,WHI,0.18,0.054,183,1.00038,8.5,Cl2
a4020,WHI,0.32,0.054,97,0.99424,9.3,Cl1
a4021,WHI,0.37,0.056,91,0.99536,8.4,Cl1
a4022,WHI,0.23,0.062,100,0.99318,9.2,Cl1
a4023,WHI,0.4,0.055,151,0.99626,9.2,Cl1
a4024,WHI,0.19,0.033,151,0.99726,10.4,Cl2
a4025,WHI,0.28,0.046,147,0.99126,11.6,Cl2
a4026,WHI,0.32,0.029,94,0.98998,12.4,Cl2
a4027,WHI,0.19,0.033,151,0.99726,10.4,Cl2
a4028,WHI,0.26,0.052,176,0.99304,9.3,Cl1
a4029,WHI,0.25,0.029,81,0.9892,12.2,Cl2
a4030,WHI,0.28,0.031,139,0.99296,11,Cl2
a4031,WHI,0.19,0.023,105,0.99047,11.4,Cl1
a4032,WHI,0.29,0.06,120,0.9924,9.5,Cl1
a4033,WHI,0.27,0.034,116,0.9989,9.2,Cl1
a4034,WHI,0.26,0.021,125,0.99338,11.1,Cl2
a4035,WHI,0.27,0.034,116,0.9989,9.2,Cl1
a4036,WHI,0.2,0.032,172,0.99404,11,Cl2
a4037,WHI,0.33,0.041,177,0.99287,9.9,Cl1
a4038,WHI,0.34,0.044,176,0.99286,9.9,Cl1
a4039,WHI,0.29,0.06,120,0.9924,9.5,Cl1
a4040,WHI,1.1,0.033,109,0.99058,12.4,Cl1
a4041,WHI,0.24,0.052,185,0.9934,9.4,Cl1
a4042,WHI,0.24,0.053,149,0.99545,9.3,Cl1
a4043,WHI,0.16,0.05,135,0.9984,8.7,Cl2
a4044,WHI,0.16,0.05,135,0.9984,8.7,Cl2
a4045,WHI,0.16,0.05,135,0.9984,8.7,Cl2
a4046,WHI,0.16,0.05,135,0.9984,8.7,Cl2
a4047,WHI,0.17,0.05,154,0.99971,9,Cl2
a4048,WHI,0.19,0.038,118,0.99546,10.7,Cl2
a4049,WHI,0.19,0.038,118,0.99546,10.7,Cl2
a4050,WHI,0.16,0.034,98,0.99058,11.3,Cl2
a4051,WHI,0.16,0.05,135,0.9984,8.7,Cl2
a4052,WHI,0.3,0.028,97,0.99314,11.7,Cl2
a4053,WHI,0.24,0.053,149,0.99545,9.3,Cl1
a4054,WHI,0.16,0.05,135,0.9984,8.7,Cl2
a4055,WHI,0.17,0.05,154,0.99971,9,Cl2
a4056,WHI,0.3,0.028,97,0.99314,11.7,Cl2
a4057,WHI,0.43,0.032,131,0.99565,10.7,Cl1
a4058,WHI,0.17,0.036,110,0.99056,11.4,Cl2
a4059,WHI,0.19,0.038,118,0.99546,10.7,Cl2
a4060,WHI,0.16,0.034,98,0.99058,11.3,Cl2
a4061,WHI,0.41,0.048,70,0.99362,10,Cl1
a4062,WHI,0.41,0.048,70,0.99362,10,Cl1
a4063,WHI,0.36,0.036,119,0.99196,11.2,Cl2
a4064,WHI,0.17,0.09,130,0.99255,9.7,Cl1
a4065,WHI,0.28,0.032,85,0.99027,12.5,Cl1
a4066,WHI,0.5,0.029,110,0.99302,12.9,Cl3
a4067,WHI,0.44,0.057,160,0.99257,11.8,Cl2
a4068,WHI,0.38,0.062,166,0.99506,10.6,Cl1
a4069,WHI,0.44,0.057,160,0.99257,11.8,Cl2
a4070,WHI,0.24,0.049,133,0.9952,10.7,Cl2
a4071,WHI,0.28,0.048,162,0.99498,9.9,Cl1
a4072,WHI,0.26,0.048,76,0.9903,12,Cl2
a4073,WHI,0.16,0.043,163,0.99706,10.4,Cl2
a4074,WHI,0.36,0.054,107,0.99398,8.5,Cl1
a4075,WHI,0.35,0.06,82,0.99588,9.9,Cl1
a4076,WHI,0.25,0.049,120,0.99691,9.4,Cl2
a4077,WHI,0.37,0.05,134,0.99608,10.4,Cl1
a4078,WHI,0.25,0.044,108,0.99142,11,Cl2
a4079,WHI,0.23,0.044,110,0.99138,11,Cl2
a4080,WHI,0.265,0.052,91,0.99432,10.4,Cl2
a4081,WHI,0.25,0.05,116,0.99592,9.8,Cl2
a4082,WHI,0.25,0.049,106,0.99691,9.4,Cl2
a4083,WHI,0.23,0.046,142,0.99432,10.6,Cl2
a4084,WHI,0.3,0.052,185,0.99266,10.1,Cl1
a4085,WHI,0.33,0.048,96,0.99456,11.5,Cl3
a4086,WHI,0.26,0.048,73,0.9915,11.4,Cl2
a4087,WHI,0.2,0.058,93,0.99322,9.2,Cl2
a4088,WHI,0.21,0.059,101,0.9927,9.7,Cl2
a4089,WHI,0.25,0.047,79,0.99173,11.3,Cl2
a4090,WHI,0.27,0.098,127,0.99412,9.6,Cl2
a4091,WHI,0.24,0.07,179,0.99666,8.9,Cl2
a4092,WHI,0.14,0.057,82,0.99425,10,Cl2
a4093,WHI,0.5,0.059,112,0.99314,9.2,Cl2
a4094,WHI,0.41,0.11,103,0.99672,9,Cl2
a4095,WHI,0.25,0.03,98,0.99024,12.8,Cl2
a4096,WHI,0.41,0.11,103,0.99672,9,Cl2
a4097,WHI,0.25,0.054,136,0.99366,9.5,Cl1
a4098,WHI,0.14,0.057,82,0.99425,10,Cl2
a4099,WHI,0.21,0.046,140,0.99299,11,Cl1
a4100,WHI,0.5,0.059,112,0.99314,9.2,Cl2
a4101,WHI,0.29,0.037,99,0.99528,10.6,Cl2
a4102,WHI,0.37,0.057,166,0.99568,10,Cl1
a4103,WHI,0.37,0.057,166,0.99568,10,Cl1
a4104,WHI,0.31,0.03,86,0.99062,11.7,Cl2
a4105,WHI,0.45,0.035,80,0.99058,12.5,Cl2
a4106,WHI,0.3,0.039,122,0.99059,11.1,Cl2
a4107,WHI,0.23,0.041,141,0.99119,9.7,Cl1
a4108,WHI,0.3,0.037,150,0.99727,12.3,Cl2
a4109,WHI,0.28,0.035,105,0.99021,12.2,Cl2
a4110,WHI,0.255,0.043,153,0.99238,11.3,Cl2
a4111,WHI,0.4,0.053,193,0.99164,11.6,Cl1
a4112,WHI,0.21,0.04,75,0.99006,11.3,Cl2
a4113,WHI,0.2,0.041,95,0.99078,11.1,Cl2
a4114,WHI,0.17,0.041,92,0.99036,11.2,Cl2
a4115,WHI,0.21,0.046,107,0.99123,11.3,Cl2
a4116,WHI,0.26,0.041,94,0.98978,12,Cl2
a4117,WHI,0.35,0.069,158,0.99908,8.8,Cl2
a4118,WHI,0.35,0.069,158,0.99908,8.8,Cl2
a4119,WHI,0.43,0.046,143,0.99022,12,Cl3
a4120,WHI,0.4,0.046,147,0.99024,12,Cl2
a4121,WHI,0.28,0.049,122,0.9973,9,Cl1
a4122,WHI,0.23,0.054,151,0.99853,9.3,Cl2
a4123,WHI,0.34,0.059,171,0.99769,8.7,Cl2
a4124,WHI,0.44,0.095,75,0.98954,12.8,Cl2
a4125,WHI,0.13,0.052,72,0.98974,11.5,Cl2
a4126,WHI,0.17,0.048,147,0.99382,10,Cl1
a4127,WHI,0.18,0.047,147,0.99383,10,Cl1
a4128,WHI,0.31,0.059,215,0.99538,10.3,Cl1
a4129,WHI,0.33,0.054,227,0.99734,10.4,Cl1
a4130,WHI,0.34,0.02,68,0.98981,13.4,Cl2
a4131,WHI,0.29,0.032,130,0.99095,11.2,Cl2
a4132,WHI,0.31,0.048,206,0.9964,9.1,Cl1
a4133,WHI,0.31,0.048,206,0.9964,9.1,Cl1
a4134,WHI,0.25,0.04,120,0.99411,10.8,Cl2
a4135,WHI,0.27,0.038,89,0.9915,12.5,Cl2
a4136,WHI,0.26,0.046,132,0.99234,11.3,Cl1
a4137,WHI,0.65,0.035,128,0.99016,12.8,Cl2
a4138,WHI,0.31,0.048,206,0.9964,9.1,Cl1
a4139,WHI,0.23,0.041,72,0.98949,12.7,Cl2
a4140,WHI,0.18,0.054,143,0.99287,11,Cl2
a4141,WHI,0.28,0.052,149,0.99544,10.4,Cl2
a4142,WHI,0.28,0.052,149,0.99544,10.4,Cl2
a4143,WHI,0.27,0.051,136,0.9941,10.7,Cl2
a4144,WHI,0.25,0.055,131,0.994,10.9,Cl2
a4145,WHI,0.28,0.052,149,0.99544,10.4,Cl2
a4146,WHI,0.26,0.052,160,0.99546,10.4,Cl2
a4147,WHI,0.13,0.064,115.5,0.99737,9.7,Cl2
a4148,WHI,0.18,0.054,143,0.99287,11,Cl2
a4149,WHI,0.2,0.055,120,0.99767,9.6,Cl2
a4150,WHI,0.24,0.038,76,0.98711,13.9,Cl2
a4151,WHI,0.48,0.046,194,0.99714,9.4,Cl1
a4152,WHI,0.26,0.032,193,0.99134,12.5,Cl2
a4153,WHI,0.2,0.055,120,0.99767,9.6,Cl2
a4154,WHI,0.3,0.049,187,0.9927,9.5,Cl1
a4155,WHI,0.32,0.048,186,0.9948,9.6,Cl1
a4156,WHI,0.3,0.049,187,0.9927,9.5,Cl1
a4157,WHI,0.34,0.047,186,0.99481,9.6,Cl1
a4158,WHI,0.16,0.056,168,0.99825,8.7,Cl2
a4159,WHI,0.16,0.056,168,0.99825,8.7,Cl2
a4160,WHI,0.16,0.056,168,0.99825,8.7,Cl2
a4161,WHI,0.16,0.056,168,0.99825,8.7,Cl2
a4162,WHI,0.16,0.056,168,0.99825,8.7,Cl2
a4163,WHI,0.16,0.056,168,0.99825,8.7,Cl2
a4164,WHI,0.26,0.061,120,0.99192,10.4,Cl1
a4165,WHI,0.31,0.063,119,0.99184,10.7,Cl1
a4166,WHI,0.22,0.05,83,0.99019,12,Cl2
a4167,WHI,0.23,0.044,158,0.98998,12.1,Cl2
a4168,WHI,0.17,0.04,118,0.98886,13.1,Cl3
a4169,WHI,0.19,0.039,104,0.98998,12.4,Cl2
a4170,WHI,0.21,0.035,123,0.98949,12.6,Cl2
a4171,WHI,0.16,0.056,168,0.99825,8.7,Cl2
a4172,WHI,0.22,0.04,101,0.99009,12,Cl1
a4173,WHI,0.34,0.06,169,0.99252,11.6,Cl2
a4174,WHI,0.34,0.174,99,0.99288,9.3,Cl1
a4175,WHI,0.24,0.05,179,0.99659,9.3,Cl2
a4176,WHI,0.35,0.048,157,0.99133,11.1,Cl2
a4177,WHI,0.24,0.049,161,0.99324,10.2,Cl2
a4178,WHI,0.25,0.037,113,0.99164,10.6,Cl2
a4179,WHI,0.19,0.038,133,0.99107,11.3,Cl2
a4180,WHI,0.24,0.052,198,0.9986,9.4,Cl1
a4181,WHI,0.31,0.053,123,0.99708,9.3,Cl2
a4182,WHI,0.25,0.039,68,0.99163,11.1,Cl2
a4183,WHI,0.38,0.055,170,0.99605,9.9,Cl2
a4184,WHI,0.3,0.041,82,0.99065,11.8,Cl2
a4185,WHI,0.33,0.04,81,0.9903,12.6,Cl2
a4186,WHI,0.24,0.052,198,0.9986,9.4,Cl1
a4187,WHI,0.27,0.043,72,0.99236,10.5,Cl1
a4188,WHI,0.24,0.037,108,0.98948,12.3,Cl2
a4189,WHI,0.33,0.048,119,0.99045,11.3,Cl2
a4190,WHI,0.21,0.097,105,0.9939,9.6,Cl1
a4191,WHI,0.22,0.04,63,0.98985,12,Cl2
a4192,WHI,0.27,0.05,140,0.99138,11.2,Cl1
a4193,WHI,0.2,0.044,100,0.99348,10.2,Cl2
a4194,WHI,0.27,0.045,100,0.99066,12.4,Cl2
a4195,WHI,0.2,0.044,100,0.99348,10.2,Cl2
a4196,WHI,0.45,0.04,87,0.98862,13.4,Cl3
a4197,WHI,0.22,0.036,68,0.98865,12.6,Cl2
a4198,WHI,0.3,0.053,149,0.99472,9.8,Cl1
a4199,WHI,0.36,0.049,139,0.99792,9.1,Cl1
a4200,WHI,0.27,0.045,100,0.99066,12.4,Cl2
a4201,WHI,0.24,0.044,101,0.99035,12.5,Cl2
a4202,WHI,0.41,0.033,85,0.99086,11.7,Cl2
a4203,WHI,0.24,0.044,113,0.99013,12.9,Cl2
a4204,WHI,0.3,0.054,183,0.99266,10.1,Cl1
a4205,WHI,0.26,0.044,139,0.99517,10.3,Cl2
a4206,WHI,0.41,0.033,85,0.99086,11.7,Cl2
a4207,WHI,0.32,0.05,144,0.99666,10.3,Cl2
a4208,WHI,0.25,0.036,107,0.991,10.8,Cl2
a4209,WHI,0.23,0.023,89,0.99068,11.2,Cl2
a4210,WHI,0.23,0.024,102,0.99084,11.8,Cl2
a4211,WHI,0.17,0.05,134,0.9939,9.8,Cl2
a4212,WHI,0.38,0.041,193,0.99624,10,Cl2
a4213,WHI,0.31,0.052,164,0.99602,8.8,Cl1
a4214,WHI,0.38,0.142,69,0.9926,10.1,Cl1
a4215,WHI,0.44,0.056,210,0.99718,9.5,Cl1
a4216,WHI,0.44,0.056,210,0.99718,9.5,Cl1
a4217,WHI,0.44,0.056,210,0.99718,9.5,Cl1
a4218,WHI,0.38,0.06,113,0.99344,9.2,Cl1
a4219,WHI,0.33,0.041,180,0.99184,12.2,Cl2
a4220,WHI,0.44,0.056,210,0.99718,9.5,Cl1
a4221,WHI,0.19,0.046,92,0.99033,11.3,Cl2
a4222,WHI,0.28,0.038,129,0.99248,12.1,Cl2
a4223,WHI,0.38,0.06,113,0.99344,9.2,Cl1
a4224,WHI,0.43,0.029,51,0.99076,11.2,Cl1
a4225,WHI,0.22,0.029,87,0.99092,12.5,Cl2
a4226,WHI,0.345,0.056,187,0.99486,10.6,Cl1
a4227,WHI,0.255,0.056,171,0.99464,10.4,Cl2
a4228,WHI,0.2,0.047,93,0.99235,10.1,Cl2
a4229,WHI,0.29,0.048,201,0.99612,9.9,Cl2
a4230,WHI,0.26,0.046,133,0.99202,11,Cl2
a4231,WHI,0.22,0.045,122,0.99261,10,Cl2
a4232,WHI,0.35,0.066,89,0.98964,12.7,Cl2
a4233,WHI,0.39,0.036,92,0.99206,12.1,Cl2
a4234,WHI,0.23,0.052,118,0.9938,10.4,Cl2
a4235,WHI,0.22,0.05,120,0.99204,10.4,Cl2
a4236,WHI,0.29,0.04,116,0.99736,9.2,Cl1
a4237,WHI,0.29,0.04,116,0.99736,9.2,Cl1
a4238,WHI,0.23,0.03,80,0.99192,10.5,Cl1
a4239,WHI,0.29,0.04,116,0.99736,9.2,Cl1
a4240,WHI,0.28,0.041,90,0.99002,11.9,Cl2
a4241,WHI,0.26,0.042,130,0.996,10.1,Cl2
a4242,WHI,0.27,0.034,140,0.99237,11.1,Cl2
a4243,WHI,0.22,0.037,144,0.99214,10.8,Cl2
a4244,WHI,0.26,0.019,72,0.99041,11.8,Cl2
a4245,WHI,0.36,0.038,116,0.9982,9.2,Cl1
a4246,WHI,0.35,0.037,116,0.99822,9.2,Cl1
a4247,WHI,0.18,0.023,95,0.9893,12.3,Cl2
a4248,WHI,0.36,0.145,124,0.99274,10.1,Cl2
a4249,WHI,0.14,0.04,114,0.99105,11.4,Cl2
a4250,WHI,0.23,0.044,161,0.99209,10.4,Cl2
a4251,WHI,0.11,0.053,95,0.99676,9.8,Cl2
a4252,WHI,0.24,0.047,91,0.99251,9.9,Cl2
a4253,WHI,0.11,0.053,95,0.99676,9.8,Cl2
a4254,WHI,0.47,0.036,74,0.99082,11.2,Cl1
a4255,WHI,0.29,0.058,115,0.99567,10.9,Cl1
a4256,WHI,0.33,0.051,119,0.99416,9.2,Cl1
a4257,WHI,0.33,0.051,119,0.99416,9.2,Cl1
a4258,WHI,0.32,0.033,121,0.9887,12,Cl1
a4259,WHI,0.3,0.034,121,0.98871,12.1,Cl2
a4260,WHI,0.31,0.036,114,0.99248,12.4,Cl2
a4261,WHI,0.36,0.038,145,0.99184,11.2,Cl2
a4262,WHI,0.31,0.042,120,0.98952,12.7,Cl2
a4263,WHI,0.52,0.036,169,0.99267,12.2,Cl2
a4264,WHI,0.55,0.036,164,0.99269,12.2,Cl2
a4265,WHI,0.2,0.042,99,0.98912,12.2,Cl2
a4266,WHI,0.36,0.038,145,0.99184,11.2,Cl2
a4267,WHI,0.31,0.042,120,0.98952,12.7,Cl2
a4268,WHI,0.29,0.044,117,0.9895,12.7,Cl2
a4269,WHI,0.22,0.04,146,0.98999,12.1,Cl2
a4270,WHI,0.46,0.045,192,0.9981,9.4,Cl1
a4271,WHI,0.21,0.041,174,0.995,10.1,Cl2
a4272,WHI,0.42,0.043,201,0.99848,9.4,Cl1
a4273,WHI,0.22,0.044,113,0.99862,8.9,Cl2
a4274,WHI,0.22,0.044,113,0.99862,8.9,Cl2
a4275,WHI,0.22,0.044,113,0.99862,8.9,Cl2
a4276,WHI,0.22,0.044,113,0.99862,8.9,Cl2
a4277,WHI,0.31,0.027,117,0.98886,13,Cl2
a4278,WHI,0.22,0.054,183,0.99474,10.3,Cl1
a4279,WHI,0.18,0.04,47,0.99126,10.1,Cl1
a4280,WHI,0.24,0.04,129,0.99691,10.5,Cl2
a4281,WHI,0.22,0.044,113,0.99862,8.9,Cl2
a4282,WHI,0.26,0.059,124,0.99773,10.1,Cl1
a4283,WHI,0.26,0.059,124,0.99773,10.1,Cl1
a4284,WHI,0.2,0.049,93,0.9928,11,Cl2
a4285,WHI,0.2,0.049,93,0.9928,11,Cl2
a4286,WHI,0.2,0.049,93,0.9928,11,Cl2
a4287,WHI,0.2,0.049,93,0.9928,11,Cl2
a4288,WHI,0.28,0.046,117,0.99288,10,Cl1
a4289,WHI,0.2,0.03,76,0.99202,10.5,Cl2
a4290,WHI,0.26,0.048,112,0.99606,9.7,Cl2
a4291,WHI,0.26,0.059,124,0.99773,10.1,Cl1
a4292,WHI,0.21,0.045,183,0.99922,9.4,Cl1
a4293,WHI,0.22,0.041,119,0.99296,11.2,Cl2
a4294,WHI,0.21,0.045,183,0.99922,9.4,Cl1
a4295,WHI,0.22,0.046,121,0.99468,10.8,Cl1
a4296,WHI,0.21,0.045,183,0.99922,9.4,Cl1
a4297,WHI,0.22,0.041,119,0.99296,11.2,Cl2
a4298,WHI,0.2,0.037,103,0.99388,11,Cl2
a4299,WHI,0.26,0.038,111,0.99315,12.4,Cl2
a4300,WHI,0.28,0.208,154,0.99478,9.4,Cl2
a4301,WHI,0.29,0.209,156,0.99478,9.4,Cl1
a4302,WHI,0.34,0.105,155,0.99692,9.5,Cl1
a4303,WHI,0.39,0.034,204,0.99616,10,Cl2
a4304,WHI,0.26,0.043,114,0.9902,12.5,Cl2
a4305,WHI,0.24,0.044,115,0.9921,10.9,Cl2
a4306,WHI,0.25,0.044,113,0.99462,10.5,Cl2
a4307,WHI,0.24,0.05,133,0.99476,10.8,Cl2
a4308,WHI,0.22,0.039,116,0.99178,11,Cl2
a4309,WHI,0.26,0.036,87,0.99081,11.8,Cl2
a4310,WHI,0.34,0.038,121,0.99198,12.6,Cl2
a4311,WHI,0.225,0.054,140,0.99545,10.2,Cl2
a4312,WHI,0.23,0.046,103,0.98997,12,Cl1
a4313,WHI,0.26,0.043,114,0.9902,12.5,Cl2
a4314,WHI,0.27,0.04,86,0.99089,11.5,Cl2
a4315,WHI,0.41,0.035,117,0.99172,11.94,Cl2
a4316,WHI,0.41,0.035,115,0.9901,12.89333333,Cl2
a4317,WHI,0.585,0.086,94,0.99681,9.4,Cl1
a4318,WHI,0.34,0.038,138,0.9893,12.2,Cl2
a4319,WHI,0.41,0.035,117,0.99172,11.94,Cl2
a4320,WHI,0.41,0.035,115,0.9901,12.89333333,Cl2
a4321,WHI,0.26,0.056,191,0.99527,9.5,Cl1
a4322,WHI,0.28,0.036,150,0.99445,10.6,Cl2
a4323,WHI,0.16,0.042,121,0.99198,10.5,Cl2
a4324,WHI,0.27,0.037,129,0.99085,11.46666667,Cl2
a4325,WHI,0.2,0.043,100,0.99033,11.4,Cl2
a4326,WHI,0.24,0.054,182,0.99538,9.5,Cl1
a4327,WHI,0.38,0.052,168,0.99627,9.2,Cl1
a4328,WHI,0.24,0.054,182,0.99538,9.5,Cl1
a4329,WHI,0.42,0.043,145,0.99433,10.98,Cl1
a4330,WHI,0.23,0.054,181,0.9954,9.4,Cl1
a4331,WHI,0.24,0.054,182,0.99538,9.5,Cl1
a4332,WHI,0.38,0.052,168,0.99627,9.2,Cl1
a4333,WHI,0.19,0.057,155,0.99807,8.8,Cl3
a4334,WHI,0.19,0.057,155,0.99807,8.8,Cl3
a4335,WHI,0.19,0.057,155,0.99807,8.8,Cl3
a4336,WHI,0.19,0.057,155,0.99807,8.8,Cl3
a4337,WHI,0.19,0.057,155,0.99807,8.8,Cl3
a4338,WHI,0.19,0.057,155,0.99807,8.8,Cl3
a4339,WHI,0.19,0.057,155,0.99807,8.8,Cl3
a4340,WHI,0.24,0.044,96,0.99232,10.4,Cl3
a4341,WHI,0.19,0.057,155,0.99807,8.8,Cl3
a4342,WHI,0.27,0.054,139,0.99788,10.03333333,Cl2
a4343,WHI,0.28,0.052,141,0.99108,11.3,Cl2
a4344,WHI,0.22,0.024,109,0.99234,10.4,Cl2
a4345,WHI,0.27,0.176,106,0.99288,9.2,Cl2
a4346,WHI,0.2,0.034,107,0.99195,11.1,Cl2
a4347,WHI,0.27,0.176,106,0.99288,9.2,Cl2
a4348,WHI,0.23,0.034,148,0.99121,11.3,Cl2
a4349,WHI,0.31,0.042,148,0.99839,9.1,Cl2
a4350,WHI,0.34,0.108,187,0.99738,9.4,Cl1
a4351,WHI,0.36,0.015,73,0.98963,13.2,Cl2
a4352,WHI,0.31,0.039,137,0.98946,12.7,Cl2
a4353,WHI,0.28,0.054,148,0.99178,10.7,Cl1
a4354,WHI,0.16,0.064,166,0.99136,11.43333333,Cl2
a4355,WHI,0.31,0.049,169,0.99323,11.1,Cl2
a4356,WHI,0.31,0.039,137,0.98946,12.7,Cl2
a4357,WHI,0.29,0.046,178,0.99313,10.53333333,Cl1
a4358,WHI,0.28,0.04,194,0.9912,11.6,Cl2
a4359,WHI,0.23,0.05,179,0.99504,9.533333333,Cl1
a4360,WHI,0.34,0.062,203,0.99461,9.8,Cl2
a4361,WHI,0.28,0.054,148,0.99178,10.7,Cl1
a4362,WHI,0.2,0.039,110,0.99008,12,Cl2
a4363,WHI,0.24,0.039,123,0.98959,12.8,Cl2
a4364,WHI,0.31,0.048,136,0.99663,9.5,Cl1
a4365,WHI,0.29,0.041,119,0.99334,10.93333333,Cl2
a4366,WHI,0.19,0.063,133,0.99561,9.1,Cl1
a4367,WHI,0.29,0.035,117,0.98959,12.6,Cl2
a4368,WHI,0.31,0.048,136,0.99663,9.5,Cl1
a4369,WHI,0.3,0.041,109,0.99418,10.9,Cl2
a4370,WHI,0.29,0.041,119,0.99334,10.93333333,Cl2
a4371,WHI,0.22,0.096,115,0.9937,9.6,Cl1
a4372,WHI,0.23,0.053,92,0.99372,9.3,Cl1
a4373,WHI,0.23,0.038,112,0.99157,11.36666667,Cl2
a4374,WHI,0.26,0.043,98,0.98918,12.5,Cl2
a4375,WHI,0.35,0.051,171,0.9932,9.5,Cl1
a4376,WHI,0.32,0.041,186,0.99235,11,Cl2
a4377,WHI,0.34,0.042,133,0.99373,9.4,Cl1
a4378,WHI,0.13,0.035,76,0.9914,11.33333333,Cl2
a4379,WHI,0.315,0.041,126,0.99494,8.8,Cl1
a4380,WHI,0.34,0.042,133,0.99373,9.4,Cl1
a4381,WHI,0.31,0.05,143,0.99332,11.06666667,Cl2
a4382,WHI,0.3,0.058,151,0.99198,12.2,Cl2
a4383,WHI,0.24,0.041,110,0.99142,11,Cl2
a4384,WHI,0.13,0.035,76,0.9914,11.33333333,Cl2
a4385,WHI,0.26,0.05,182,0.99542,9.5,Cl1
a4386,WHI,0.26,0.05,182,0.99542,9.5,Cl1
a4387,WHI,0.27,0.043,170,0.9924,11,Cl2
a4388,WHI,0.21,0.039,97,0.99112,11.2,Cl2
a4389,WHI,0.26,0.036,100,0.99534,9.3,Cl2
a4390,WHI,0.28,0.04,111,0.99338,10.8,Cl1
a4391,WHI,0.25,0.057,167,0.99804,9.2,Cl1
a4392,WHI,0.22,0.048,203,0.99899,9.4,Cl1
a4393,WHI,0.25,0.057,167,0.99804,9.2,Cl1
a4394,WHI,0.18,0.047,139,0.99724,10.5,Cl2
a4395,WHI,0.2,0.046,143,0.99526,10.8,Cl2
a4396,WHI,0.24,0.051,146,0.99676,9.4,Cl1
a4397,WHI,0.27,0.053,173,0.99699,9.8,Cl1
a4398,WHI,0.27,0.053,173,0.99699,9.8,Cl1
a4399,WHI,0.27,0.053,173,0.99699,9.8,Cl1
a4400,WHI,0.24,0.051,146,0.99676,9.4,Cl1
a4401,WHI,0.27,0.053,173,0.99699,9.8,Cl1
a4402,WHI,0.38,0.041,137,0.99461,12.1,Cl2
a4403,WHI,0.43,0.043,176,0.99116,12.3,Cl2
a4404,WHI,0.22,0.066,187,0.99362,9.733333333,Cl1
a4405,WHI,0.29,0.044,197,0.99512,9.4,Cl1
a4406,WHI,0.29,0.044,197,0.99512,9.4,Cl1
a4407,WHI,0.29,0.037,140,0.9895,12.8,Cl2
a4408,WHI,0.19,0.046,80,0.99043,11.05,Cl2
a4409,WHI,0.29,0.044,197,0.99512,9.4,Cl1
a4410,WHI,0.29,0.037,140,0.9895,12.8,Cl2
a4411,WHI,0.24,0.069,182,0.99391,9.733333333,Cl1
a4412,WHI,0.3,0.039,86,0.98963,13.1,Cl2
a4413,WHI,0.27,0.041,114,0.99335,11.5,Cl2
a4414,WHI,0.3,0.039,86,0.98963,13.1,Cl2
a4415,WHI,0.27,0.041,114,0.99335,11.5,Cl2
a4416,WHI,0.305,0.061,141,0.99824,9.1,Cl1
a4417,WHI,0.24,0.069,182,0.99391,9.75,Cl1
a4418,WHI,0.22,0.04,125,0.9917,10.5,Cl2
a4419,WHI,0.22,0.047,118,0.99906,8.8,Cl2
a4420,WHI,0.22,0.047,118,0.99906,8.8,Cl2
a4421,WHI,0.22,0.047,118,0.99906,8.8,Cl2
a4422,WHI,0.22,0.047,118,0.99906,8.8,Cl2
a4423,WHI,0.22,0.04,125,0.9917,10.5,Cl2
a4424,WHI,0.22,0.04,125,0.9917,10.5,Cl2
a4425,WHI,0.22,0.047,118,0.99906,8.8,Cl2
a4426,WHI,0.22,0.045,122,0.99415,9.9,Cl2
a4427,WHI,0.21,0.047,123,0.99418,9.9,Cl2
a4428,WHI,0.32,0.044,205,0.99611,9.9,Cl1
a4429,WHI,0.44,0.038,166,0.99124,12.2,Cl2
a4430,WHI,0.31,0.042,162,0.99179,10.8,Cl2
a4431,WHI,0.36,0.051,134,0.99886,8.7,Cl1
a4432,WHI,0.38,0.043,67,0.98924,13.2,Cl2
a4433,WHI,0.24,0.03,94,0.99045,12.7,Cl2
a4434,WHI,0.56,0.06,193,0.9969,9.4,Cl1
a4435,WHI,0.24,0.045,161,0.99196,11.2,Cl2
a4436,WHI,0.29,0.051,166,0.99339,11.33333333,Cl2
a4437,WHI,0.28,0.051,92,0.99224,11.9,Cl2
a4438,WHI,0.29,0.051,166,0.99339,11.35,Cl2
a4439,WHI,0.21,0.046,131,0.99184,10.5,Cl1
a4440,WHI,0.47,0.048,125,0.99428,9.8,Cl1
a4441,WHI,0.34,0.051,146,0.99834,9.1,Cl1
a4442,WHI,0.27,0.033,111,0.98918,12.4,Cl2
a4443,WHI,0.34,0.051,146,0.99834,9.1,Cl1
a4444,WHI,0.47,0.048,125,0.99428,9.8,Cl1
a4445,WHI,0.35,0.031,116,0.99241,11.3,Cl2
a4446,WHI,0.35,0.031,116,0.99241,11.3,Cl2
a4447,WHI,0.46,0.024,111,0.98816,13.1,Cl2
a4448,WHI,0.38,0.035,101,0.98916,12.5,Cl2
a4449,WHI,0.3,0.045,122,0.99329,10.3,Cl1
a4450,WHI,0.28,0.039,150,0.99535,10.7,Cl2
a4451,WHI,0.29,0.04,136,0.99552,10.4,Cl2
a4452,WHI,0.3,0.049,184,0.99514,9.5,Cl1
a4453,WHI,0.39,0.048,173,0.99304,9.8,Cl1
a4454,WHI,0.38,0.035,101,0.98916,12.5,Cl2
a4455,WHI,0.18,0.051,149,0.9984,9.4,Cl2
a4456,WHI,0.28,0.051,174,0.99911,9,Cl1
a4457,WHI,0.28,0.051,174,0.99911,9,Cl1
a4458,WHI,0.28,0.051,174,0.99911,9,Cl1
a4459,WHI,0.35,0.045,129,0.98952,13,Cl2
a4460,WHI,0.22,0.041,120,0.99403,9.9,Cl1
a4461,WHI,0.18,0.051,149,0.9984,9.4,Cl2
a4462,WHI,0.28,0.044,157,0.99312,10.6,Cl2
a4463,WHI,0.42,0.038,109,0.98968,13.4,Cl2
a4464,WHI,0.32,0.031,114,0.98946,12.5,Cl2
a4465,WHI,0.26,0.053,141,0.9981,9.3,Cl1
a4466,WHI,0.26,0.053,141,0.9981,9.3,Cl1
a4467,WHI,0.32,0.051,149,0.99306,11,Cl1
a4468,WHI,0.25,0.054,158,0.99378,10.3,Cl1
a4469,WHI,0.21,0.051,95,0.99036,11.3,Cl2
a4470,WHI,0.23,0.042,100,0.99094,10.9,Cl2
a4471,WHI,0.145,0.042,90,0.9908,11.3,Cl2
a4472,WHI,0.2,0.039,78,0.9899,12.1,Cl2
a4473,WHI,0.28,0.039,83,0.99173,11.1,Cl1
a4474,WHI,0.36,0.271,140,0.99356,9.8,Cl1
a4475,WHI,0.25,0.049,125,0.99571,10.1,Cl2
a4476,WHI,0.22,0.036,110,0.98945,12.4,Cl2
a4477,WHI,0.2,0.034,104,0.98865,12.7,Cl2
a4478,WHI,0.32,0.05,180,0.99514,9.6,Cl1
a4479,WHI,0.32,0.05,180,0.99514,9.6,Cl1
a4480,WHI,0.555,0.053,126,0.9943,9.1,Cl1
a4481,WHI,0.22,0.12,122,0.99636,12.8,Cl1
a4482,WHI,0.32,0.05,180,0.99514,9.6,Cl1
a4483,WHI,0.3,0.037,155,0.98987,12.4,Cl2
a4484,WHI,0.28,0.058,108,0.99288,9.55,Cl1
a4485,WHI,0.555,0.053,126,0.9943,9.1,Cl1
a4486,WHI,0.31,0.033,74,0.99064,12.5,Cl2
a4487,WHI,0.15,0.05,68,0.99394,9.9,Cl2
a4488,WHI,0.13,0.045,87,0.99175,11.2,Cl2
a4489,WHI,0.48,0.03,122,0.98926,13,Cl2
a4490,WHI,0.48,0.03,122,0.98926,13,Cl2
a4491,WHI,0.3,0.033,116,0.99057,11.7,Cl2
a4492,WHI,0.28,0.038,95,0.98898,13.1,Cl2
a4493,WHI,0.19,0.032,50,0.9932,12,Cl2
a4494,WHI,0.31,0.043,165,0.9972,10.55,Cl2
a4495,WHI,0.24,0.046,84,0.9902,11.45,Cl2
a4496,WHI,0.23,0.053,194,0.9988,10.2,Cl2
a4497,WHI,0.24,0.046,84,0.9902,11.45,Cl2
a4498,WHI,0.29,0.212,150,0.9958,9.3,Cl1
a4499,WHI,0.2,0.052,106,0.9935,10.8,Cl1
a4500,WHI,0.38,0.053,103,0.9925,12.2,Cl2
a4501,WHI,0.27,0.053,175,0.992,11,Cl2
a4502,WHI,0.54,0.055,182,0.9986,10.4,Cl2
a4503,WHI,0.25,0.05,156,0.9914,11.4,Cl2
a4504,WHI,0.61,0.041,104,0.9909,14.05,Cl2
a4505,WHI,0.32,0.051,138,0.9943,10.7,Cl1
a4506,WHI,0.28,0.051,162,0.994,10.2,Cl1
a4507,WHI,0.19,0.044,100,0.9904,11.2,Cl2
a4508,WHI,0.305,0.036,73,0.99,12.33333333,Cl1
a4509,WHI,0.26,0.034,129,0.9902,11.5,Cl1
a4510,WHI,0.23,0.061,100,0.9925,9.5,Cl1
a4511,WHI,0.33,0.047,147,0.9886,13.4,Cl2
a4512,WHI,0.27,0.034,110,0.9898,12.5,Cl2
a4513,WHI,0.27,0.034,110,0.9898,12.5,Cl2
a4514,WHI,0.4,0.044,97,0.9904,11.2,Cl2
a4515,WHI,0.4,0.051,259,0.9964,8.8,Cl1
a4516,WHI,0.28,0.039,118,0.9908,11.2,Cl2
a4517,WHI,0.32,0.036,70,0.9899,12.7,Cl2
a4518,WHI,0.17,0.049,82,0.993,9.8,Cl2
a4519,WHI,0.2,0.049,40,0.9944,9.8,Cl2
a4520,WHI,0.13,0.058,183,0.9956,11.7,Cl2
a4521,WHI,0.31,0.052,230,0.9949,9.8,Cl1
a4522,WHI,0.36,0.048,191,0.9929,9.6,Cl1
a4523,WHI,0.2,0.049,40,0.9944,9.8,Cl2
a4524,WHI,0.18,0.048,149,0.9975,9.7,Cl1
a4525,WHI,0.16,0.049,137,0.995,10,Cl2
a4526,WHI,0.13,0.058,183,0.9956,11.7,Cl2
a4527,WHI,0.27,0.058,206,0.9946,12.3,Cl2
a4528,WHI,0.17,0.049,82,0.993,9.8,Cl2
a4529,WHI,0.37,0.068,101,0.9934,9,Cl2
a4530,WHI,0.26,0.047,164.5,0.9984,9.1,Cl2
a4531,WHI,0.28,0.049,162.5,0.9984,9.1,Cl2
a4532,WHI,0.28,0.049,162.5,0.9984,9.1,Cl2
a4533,WHI,0.12,0.056,121,0.9908,11.4,Cl2
a4534,WHI,0.25,0.049,124,0.9963,10.5,Cl1
a4535,WHI,0.24,0.04,105,0.98914,12.4,Cl2
a4536,WHI,0.26,0.047,156,0.9984,9.1,Cl2
a4537,WHI,0.28,0.049,152,0.9984,9.1,Cl2
a4538,WHI,0.18,0.049,94,0.9937,10.1,Cl1
a4539,WHI,0.09,0.032,134,0.993,10.9,Cl2
a4540,WHI,0.14,0.026,60,0.9956,11.05,Cl1
a4541,WHI,0.28,0.026,105,0.98963,12.75,Cl2
a4542,WHI,0.23,0.025,111,0.98961,12.7,Cl2
a4543,WHI,0.28,0.037,76,0.9948,11.1,Cl1
a4544,WHI,0.28,0.037,76,0.9948,11.1,Cl1
a4545,WHI,0.28,0.026,105,0.98963,12.75,Cl2
a4546,WHI,0.25,0.021,101,0.989315,13,Cl2
a4547,WHI,0.2,0.033,95,0.989435,12,Cl2
a4548,WHI,0.29,0.022,47,0.9899,11.5,Cl2
a4549,WHI,0.46,0.047,183,0.998275,10.5,Cl1
a4550,WHI,0.28,0.037,76,0.9948,11.1,Cl1
a4551,WHI,0.23,0.047,101,0.9914,11.1,Cl2
a4552,WHI,0.23,0.048,113,0.9915,11.1,Cl2
a4553,WHI,0.55,0.027,104,0.9924,13.1,Cl2
a4554,WHI,0.28,0.026,105,0.98963,12.75,Cl2
a4555,WHI,0.23,0.025,111,0.98961,12.7,Cl2
a4556,WHI,0.45,0.094,97,0.997,9.6,Cl1
a4557,WHI,0.2,0.028,138,0.9914,11.7,Cl1
a4558,WHI,0.37,0.042,210,0.997,9.7,Cl2
a4559,WHI,0.21,0.033,130,0.9944,10.9,Cl2
a4560,WHI,0.22,0.04,110,0.9958,10.7,Cl2
a4561,WHI,0.27,0.022,107,0.98889,13.8,Cl2
a4562,WHI,0.26,0.035,72,0.989465,12.15,Cl2
a4563,WHI,0.18,0.028,131,0.9954,10.8,Cl2
a4564,WHI,0.26,0.03,119,0.9947,10.7,Cl2
a4565,WHI,0.23,0.036,113,0.9912,10.8,Cl2
a4566,WHI,0.28,0.039,159,0.9965,10.8,Cl1
a4567,WHI,0.36,0.03,171,0.9948,12,Cl1
a4568,WHI,0.28,0.039,159,0.9965,10.8,Cl1
a4569,WHI,0.3,0.055,135,0.9925,12.2,Cl2
a4570,WHI,0.2,0.05,126,0.9936,9.4,Cl2
a4571,WHI,0.29,0.029,83,0.9898,11.4,Cl2
a4572,WHI,0.22,0.027,101,0.98948,12.5,Cl2
a4573,WHI,0.22,0.024,97,0.98823,13.05,Cl2
a4574,WHI,0.32,0.026,99,0.9896,12.4,Cl2
a4575,WHI,0.2,0.03,102,0.9908,12.9,Cl2
a4576,WHI,0.35,0.034,133,0.9906,12,Cl2
a4577,WHI,0.3,0.036,56,0.9904,11.3,Cl1
a4578,WHI,0.15,0.05,96,0.99754,10,Cl2
a4579,WHI,0.13,0.042,98,0.9898,11.8,Cl2
a4580,WHI,0.2,0.045,125,0.998365,9.4,Cl2
a4581,WHI,0.2,0.047,112,0.99837,8.8,Cl2
a4582,WHI,0.27,0.038,138,0.99125,11.1,Cl2
a4583,WHI,0.37,0.048,146,0.9943,10.5,Cl2
a4584,WHI,0.23,0.05,150,0.99488,9.3,Cl2
a4585,WHI,0.34,0.042,110,0.99034,11.4,Cl2
a4586,WHI,0.33,0.03,158,0.99322,11.8,Cl2
a4587,WHI,0.29,0.029,132,0.98895,12.4,Cl2
a4588,WHI,0.33,0.035,108,0.99457,11.6,Cl2
a4589,WHI,0.3,0.05,137,0.99304,11.1,Cl1
a4590,WHI,0.29,0.029,132,0.98895,12.4,Cl2
a4591,WHI,0.33,0.041,168,0.99331,11.1,Cl2
a4592,WHI,0.33,0.042,251,0.99435,11,Cl2
a4593,WHI,0.45,0.036,165,0.99122,12.2,Cl2
a4594,WHI,0.36,0.053,113,0.99544,11,Cl2
a4595,WHI,0.42,0.035,129,0.989,12.9,Cl2
a4596,WHI,0.39,0.037,124,0.99414,10.9,Cl2
a4597,WHI,0.53,0.069,114,0.99014,13.4,Cl2
a4598,WHI,0.66,0.033,75,0.99551,10.7,Cl2
a4599,WHI,0.36,0.053,113,0.99544,11,Cl2
a4600,WHI,0.16,0.027,75,0.9908,11.4,Cl2
a4601,WHI,0.22,0.043,116,0.9927,10.2,Cl2
a4602,WHI,0.23,0.03,116,0.99244,11,Cl2
a4603,WHI,0.17,0.044,139,0.99752,9.1,Cl2
a4604,WHI,0.33,0.032,124,0.99114,11,Cl2
a4605,WHI,0.38,0.037,146,0.99326,11.5,Cl2
a4606,WHI,0.29,0.036,93,0.9906,12,Cl2
a4607,WHI,0.29,0.04,112,0.993,11.2,Cl1
a4608,WHI,0.28,0.033,177,0.99479,11.2,Cl2
a4609,WHI,0.36,0.032,73,0.98942,12.6,Cl2
a4610,WHI,0.615,0.032,50,0.99036,11,Cl1
a4611,WHI,0.44,0.03,73,0.99201,10.8,Cl2
a4612,WHI,0.42,0.034,77,0.99184,10.9,Cl1
a4613,WHI,0.34,0.041,146,0.99441,9.8,Cl1
a4614,WHI,0.27,0.04,145,0.99442,9.8,Cl1
a4615,WHI,0.33,0.094,166,0.99474,9.5,Cl1
a4616,WHI,0.44,0.032,132,0.9916,11.26666667,Cl2
a4617,WHI,0.28,0.039,99,0.99198,10.8,Cl1
a4618,WHI,0.5,0.036,129,0.98949,13.4,Cl2
a4619,WHI,0.44,0.032,132,0.9916,11.3,Cl2
a4620,WHI,0.62,0.06,196,0.99556,8.9,Cl1
a4621,WHI,0.38,0.038,119,0.99151,11.2,Cl2
a4622,WHI,0.305,0.047,95,0.99158,11.5,Cl2
a4623,WHI,0.5,0.036,131,0.9902,13,Cl2
a4624,WHI,0.4,0.038,125,0.99204,12.6,Cl2
a4625,WHI,0.4,0.032,91,0.98988,13.1,Cl2
a4626,WHI,0.49,0.034,158,0.99344,11.2,Cl1
a4627,WHI,0.3,0.034,199,0.99394,11.7,Cl2
a4628,WHI,0.19,0.041,99,0.99153,10.9,Cl2
a4629,WHI,0.19,0.041,99,0.99153,10.9,Cl2
a4630,WHI,0.24,0.041,73,0.98981,11.6,Cl2
a4631,WHI,0.25,0.041,127,0.99524,10.4,Cl2
a4632,WHI,0.21,0.041,102,0.99221,10.9,Cl2
a4633,WHI,0.3,0.034,199,0.99394,11.7,Cl2
a4634,WHI,0.28,0.043,188,0.99318,10.8,Cl2
a4635,WHI,0.29,0.038,136,0.99366,11.2,Cl2
a4636,WHI,0.345,0.033,120,0.99494,10,Cl2
a4637,WHI,0.51,0.048,177,0.99212,10.56666667,Cl1
a4638,WHI,0.24,0.036,118,0.99018,11.73333333,Cl2
a4639,WHI,0.51,0.048,177,0.99212,10.6,Cl1
a4640,WHI,0.54,0.049,195,0.99596,10.5,Cl2
a4641,WHI,0.24,0.036,118,0.99018,11.75,Cl2
a4642,WHI,0.26,0.035,126,0.99094,11.4,Cl2
a4643,WHI,0.24,0.03,98,0.98968,12.4,Cl2
a4644,WHI,0.21,0.043,197,0.99392,10.1,Cl2
a4645,WHI,0.29,0.035,122,0.99024,12.3,Cl2
a4646,WHI,0.24,0.034,158,0.98774,13.1,Cl2
a4647,WHI,0.18,0.037,88,0.99094,10.65,Cl2
a4648,WHI,0.26,0.042,101,0.99044,11.4,Cl2
a4649,WHI,0.61,0.117,240,0.9938,9.3,Cl1
a4650,WHI,0.695,0.042,84,0.99432,10.2,Cl1
a4651,WHI,0.695,0.042,84,0.99432,10.2,Cl1
a4652,WHI,0.39,0.033,113,0.98966,13.1,Cl2
a4653,WHI,0.38,0.051,210,0.99309,9.6,Cl1
a4654,WHI,0.36,0.035,73,0.98868,12.8,Cl2
a4655,WHI,0.29,0.048,149,0.9937,10.96666667,Cl2
a4656,WHI,0.29,0.048,149,0.9937,10.96666667,Cl2
a4657,WHI,0.29,0.048,149,0.9937,10.96666667,Cl2
a4658,WHI,0.29,0.048,149,0.9937,11,Cl2
a4659,WHI,0.43,0.036,132,0.98975,13.4,Cl2
a4660,WHI,0.25,0.04,85,0.98984,11.2,Cl2
a4661,WHI,0.33,0.027,79,0.99063,12.4,Cl2
a4662,WHI,0.23,0.048,150,0.99168,11.2,Cl1
a4663,WHI,0.17,0.028,111,0.99272,12.4,Cl2
a4664,WHI,0.17,0.036,111,0.99362,10.13333333,Cl2
a4665,WHI,0.16,0.034,114,0.99365,10.13333333,Cl2
a4666,WHI,0.17,0.028,111,0.99272,12.4,Cl2
a4667,WHI,0.31,0.057,221,0.99642,9.1,Cl1
a4668,WHI,0.16,0.034,114,0.99365,10.15,Cl2
a4669,WHI,0.17,0.036,111,0.99362,10.15,Cl2
a4670,WHI,0.44,0.049,117,0.99134,11.5,Cl1
a4671,WHI,0.285,0.035,137,0.99732,8.9,Cl2
a4672,WHI,0.335,0.036,168,0.99212,10.46666667,Cl1
a4673,WHI,0.335,0.036,168,0.99212,10.46666667,Cl1
a4674,WHI,0.28,0.028,104,0.99161,11.8,Cl2
a4675,WHI,0.35,0.034,151,0.9912,11.63333333,Cl2
a4676,WHI,0.21,0.04,140,0.99332,10.6,Cl2
a4677,WHI,0.25,0.045,128,0.99636,9.6,Cl2
a4678,WHI,0.28,0.028,104,0.99161,11.8,Cl2
a4679,WHI,0.285,0.035,137,0.99732,8.9,Cl2
a4680,WHI,0.335,0.036,168,0.99212,10.5,Cl1
a4681,WHI,0.63,0.058,133,0.99271,10.2,Cl1
a4682,WHI,0.27,0.025,49,0.98845,13.1,Cl2
a4683,WHI,0.32,0.027,66,0.9899,11.8,Cl2
a4684,WHI,0.33,0.041,120,0.99004,12.2,Cl2
a4685,WHI,0.24,0.036,184,0.99097,11.45,Cl2
a4686,WHI,0.26,0.062,114,0.9966,10.5,Cl1
a4687,WHI,0.63,0.058,133,0.99271,10.2,Cl1
a4688,WHI,0.16,0.035,156,0.99666,9,Cl2
a4689,WHI,0.16,0.035,156,0.99666,9,Cl2
a4690,WHI,0.16,0.035,156,0.99666,9,Cl2
a4691,WHI,0.16,0.035,156,0.99666,9,Cl2
a4692,WHI,0.19,0.043,167,0.99954,9.1,Cl2
a4693,WHI,0.36,0.053,173,0.99414,8.8,Cl1
a4694,WHI,0.16,0.035,156,0.99666,9,Cl2
a4695,WHI,0.19,0.043,167,0.99954,9.1,Cl2
a4696,WHI,0.35,0.032,113,0.99188,12.9,Cl2
a4697,WHI,0.15,0.03,84,0.98926,13,Cl2
a4698,WHI,0.35,0.032,113,0.99188,12.9,Cl2
a4699,WHI,0.27,0.173,121,0.99334,9.2,Cl2
a4700,WHI,0.3,0.041,168,0.99659,9.8,Cl1
a4701,WHI,0.3,0.041,168,0.99659,9.8,Cl1
a4702,WHI,0.69,0.044,144,0.9948,10.1,Cl2
a4703,WHI,0.69,0.044,144,0.9948,10.1,Cl2
a4704,WHI,0.12,0.037,83,0.99074,10.9,Cl2
a4705,WHI,0.36,0.053,202,0.9955,9.6,Cl2
a4706,WHI,0.27,0.053,111,0.99474,10.4,Cl2
a4707,WHI,0.22,0.031,111,0.98966,11.8,Cl2
a4708,WHI,0.205,0.051,115,0.99564,10.8,Cl2
a4709,WHI,0.33,0.034,109,0.99246,10.6,Cl2
a4710,WHI,0.21,0.033,142,0.98984,12.7,Cl2
a4711,WHI,0.33,0.03,108,0.99031,12.2,Cl2
a4712,WHI,0.205,0.051,115,0.99564,10.8,Cl2
a4713,WHI,0.27,0.053,111,0.99474,10.4,Cl2
a4714,WHI,0.28,0.04,98,0.99216,11.1,Cl2
a4715,WHI,0.22,0.031,111,0.98966,11.8,Cl2
a4716,WHI,0.15,0.034,81,0.99512,10,Cl2
a4717,WHI,0.315,0.033,69,0.9909,10.8,Cl2
a4718,WHI,0.225,0.074,130,0.99132,10.3,Cl2
a4719,WHI,0.24,0.043,134,0.99378,9.9,Cl2
a4720,WHI,0.15,0.034,81,0.99512,10,Cl2
a4721,WHI,0.27,0.044,93,0.99044,12.25,Cl1
a4722,WHI,0.32,0.036,98,0.99521,10.2,Cl2
a4723,WHI,0.25,0.053,132,0.99489,9.4,Cl2
a4724,WHI,0.42,0.05,180,0.99495,9.7,Cl2
a4725,WHI,0.32,0.036,98,0.99521,10.2,Cl2
a4726,WHI,0.31,0.038,116,0.9954,10.4,Cl2
a4727,WHI,0.48,0.035,96,0.99121,12.2,Cl2
a4728,WHI,0.25,0.053,132,0.99489,9.4,Cl2
a4729,WHI,0.21,0.035,122,0.99478,10.6,Cl2
a4730,WHI,0.32,0.05,65,0.99346,10.7,Cl1
a4731,WHI,0.3,0.048,106,0.99331,11.85,Cl1
a4732,WHI,0.31,0.031,140,0.99321,11.7,Cl2
a4733,WHI,0.31,0.031,140,0.99321,11.7,Cl2
a4734,WHI,0.185,0.03,123,0.99218,10.15,Cl2
a4735,WHI,0.16,0.026,68,0.9898,11.63333333,Cl2
a4736,WHI,0.17,0.042,61,0.99144,10.8,Cl2
a4737,WHI,0.16,0.042,61,0.99143,10.8,Cl2
a4738,WHI,0.24,0.031,134,0.99234,12.3,Cl2
a4739,WHI,0.3,0.029,118,0.98972,12.5,Cl2
a4740,WHI,0.16,0.026,68,0.9898,11.65,Cl2
a4741,WHI,0.32,0.05,189,0.99308,9.6,Cl1
a4742,WHI,0.27,0.034,137,0.99218,10.9,Cl2
a4743,WHI,0.27,0.035,133,0.99215,10.8,Cl2
a4744,WHI,0.14,0.032,148,0.99185,11.2,Cl1
a4745,WHI,0.24,0.043,101,0.99438,10,Cl1
a4746,WHI,0.26,0.047,440,0.99314,10.5,Cl1
a4747,WHI,0.23,0.043,132,0.99542,9.1,Cl2
a4748,WHI,0.26,0.029,93,0.99428,10.5,Cl2
a4749,WHI,0.34,0.05,184,0.99943,9.3,Cl1
a4750,WHI,0.35,0.051,182,0.99946,9.3,Cl2
a4751,WHI,0.14,0.032,148,0.99185,11.2,Cl1
a4752,WHI,0.36,0.033,185,0.99472,10.6,Cl2
a4753,WHI,0.25,0.035,78,0.9891,12.1,Cl2
a4754,WHI,0.16,0.032,100,0.99076,12,Cl2
a4755,WHI,0.19,0.043,106,0.99632,9.7,Cl2
a4756,WHI,0.29,0.027,92,0.99,12.4,Cl2
a4757,WHI,0.38,0.035,111,0.98872,13.6,Cl2
a4758,WHI,0.38,0.035,111,0.98872,13.6,Cl2
a4759,WHI,0.2,0.04,140,0.99102,11.8,Cl2
a4760,WHI,0.17,0.052,128,0.99388,10,Cl2
a4761,WHI,0.17,0.052,128,0.99388,10,Cl2
a4762,WHI,0.15,0.035,116,0.99602,9.1,Cl2
a4763,WHI,0.48,0.037,78,0.99057,11.9,Cl2
a4764,WHI,0.4,0.031,130,0.99072,11.75,Cl2
a4765,WHI,0.26,0.046,116,0.99224,11.4,Cl2
a4766,WHI,0.3,0.038,96,0.98942,13,Cl3
a4767,WHI,0.32,0.055,138,0.99171,12.4,Cl3
a4768,WHI,0.19,0.052,181,0.99352,9.4,Cl2
a4769,WHI,0.27,0.047,160,0.99705,9.6,Cl2
a4770,WHI,0.27,0.047,160,0.99705,9.6,Cl2
a4771,WHI,0.27,0.047,160,0.99705,9.6,Cl2
a4772,WHI,0.27,0.047,160,0.99705,9.6,Cl2
a4773,WHI,0.28,0.057,223,0.99654,9.1,Cl1
a4774,WHI,0.21,0.048,61,0.98953,12,Cl2
a4775,WHI,0.24,0.045,132,0.99132,11.2,Cl1
a4776,WHI,0.27,0.076,124,0.99204,10.1,Cl2
a4777,WHI,0.27,0.076,130,0.99185,10.3,Cl2
a4778,WHI,0.27,0.034,102,0.98952,12.3,Cl2
a4779,WHI,0.315,0.031,106,0.99704,10.55,Cl2
a4780,WHI,0.59,0.037,95,0.99032,10.9,Cl1
a4781,WHI,0.3,0.042,138,0.99382,9.7,Cl1
a4782,WHI,0.3,0.043,142,0.99382,9.8,Cl1
a4783,WHI,0.3,0.045,127,0.9974,8.9,Cl2
a4784,WHI,0.3,0.045,127,0.9974,8.9,Cl2
a4785,WHI,0.31,0.045,161,0.99546,10.2,Cl1
a4786,WHI,0.25,0.038,76,0.99088,11.7,Cl2
a4787,WHI,0.32,0.03,127,0.98904,12.8,Cl3
a4788,WHI,0.225,0.03,118,0.989,12.8,Cl3
a4789,WHI,0.31,0.045,161,0.99546,10.2,Cl1
a4790,WHI,0.62,0.037,118,0.98758,13.55,Cl2
a4791,WHI,0.3,0.036,128,0.9901,11.6,Cl2
a4792,WHI,0.3,0.045,127,0.9974,8.9,Cl2
a4793,WHI,0.785,0.036,134,0.98981,13.8,Cl2
a4794,WHI,0.31,0.175,159,0.9952,9.4,Cl2
a4795,WHI,0.32,0.174,159,0.99519,9.4,Cl1
a4796,WHI,0.105,0.035,140,0.99142,10.7,Cl2
a4797,WHI,0.105,0.035,140,0.99142,10.7,Cl2
a4798,WHI,0.33,0.043,93,0.9897,12.3,Cl2
a4799,WHI,0.32,0.042,115,0.99684,10.3,Cl1
a4800,WHI,0.26,0.047,111,0.99445,10.4,Cl2
a4801,WHI,0.2,0.039,126,0.99051,11.6,Cl2
a4802,WHI,0.105,0.035,140,0.99142,10.7,Cl2
a4803,WHI,0.28,0.037,125,0.98986,12.8,Cl3
a4804,WHI,0.31,0.038,111,0.99189,11.9,Cl2
a4805,WHI,0.35,0.033,65,0.98934,12.1,Cl1
a4806,WHI,0.26,0.034,99,0.99449,9.2,Cl2
a4807,WHI,0.28,0.051,131,0.99566,9.5,Cl2
a4808,WHI,0.17,0.039,104,0.99252,11,Cl2
a4809,WHI,0.35,0.053,100,0.9959,10.9,Cl1
a4810,WHI,0.26,0.053,150,0.9924,10.4,Cl2
a4811,WHI,0.375,0.054,147,0.99482,9.1,Cl1
a4812,WHI,0.17,0.075,71,0.99103,11.4,Cl2
a4813,WHI,0.26,0.027,113,0.98946,11.4,Cl2
a4814,WHI,0.36,0.127,178,0.99212,9.7,Cl1
a4815,WHI,0.4,0.026,113,0.99052,12.4,Cl2
a4816,WHI,0.76,0.041,120,0.99026,13.7,Cl2
a4817,WHI,0.41,0.032,136,0.99516,10.6,Cl2
a4818,WHI,0.385,0.031,122,0.99128,11.2,Cl2
a4819,WHI,0.27,0.021,82,0.9891,13.13333333,Cl2
a4820,WHI,0.4,0.026,113,0.99052,12.4,Cl2
a4821,WHI,0.36,0.127,178,0.99212,9.7,Cl1
a4822,WHI,0.24,0.043,131,0.99176,11,Cl2
a4823,WHI,0.23,0.036,165,0.99162,11.3,Cl2
a4824,WHI,0.28,0.054,130,0.99193,12,Cl2
a4825,WHI,0.23,0.042,140,0.9967,9.2,Cl1
a4826,WHI,0.34,0.046,134,0.99462,10.7,Cl2
a4827,WHI,0.34,0.046,134,0.99462,10.7,Cl2
a4828,WHI,0.22,0.036,86,0.99058,11.4,Cl2
a4829,WHI,0.23,0.042,140,0.9967,9.2,Cl1
a4830,WHI,0.32,0.032,90,0.99258,12.1,Cl2
a4831,WHI,0.29,0.062,140,0.99138,11.1,Cl2
a4832,WHI,0.38,0.058,140,0.99271,9.7,Cl2
a4833,WHI,0.32,0.057,141,0.9917,10.7,Cl1
a4834,WHI,0.33,0.031,97,0.99126,10.9,Cl2
a4835,WHI,0.37,0.033,95,0.98986,12,Cl2
a4836,WHI,0.295,0.035,102,0.99154,10.6,Cl2
a4837,WHI,0.5,0.096,92,0.99642,9.6,Cl1
a4838,WHI,0.28,0.031,216,0.99154,13.1,Cl2
a4839,WHI,0.275,0.038,114,0.99313,11,Cl2
a4840,WHI,0.405,0.038,44,0.99125,11.6,Cl1
a4841,WHI,0.34,0.029,128,0.99318,11.95,Cl2
a4842,WHI,0.22,0.05,175,0.99099,11.1,Cl2
a4843,WHI,0.28,0.043,92,0.99004,11.5,Cl2
a4844,WHI,0.34,0.046,182,0.99093,11.3,Cl1
a4845,WHI,0.29,0.044,180,0.98924,11.9,Cl2
a4846,WHI,0.38,0.136,93,0.99336,9.5,Cl1
a4847,WHI,0.3,0.048,150,0.98944,12.2,Cl2
a4848,WHI,0.54,0.038,97,0.99022,12.2,Cl2
a4849,WHI,0.36,0.048,161,0.99146,11.1,Cl2
a4850,WHI,0.33,0.055,164,0.99488,9.6,Cl1
a4851,WHI,0.36,0.048,161,0.99146,11.1,Cl2
a4852,WHI,0.33,0.055,164,0.99488,9.6,Cl1
a4853,WHI,0.23,0.044,113,0.99176,11.4,Cl1
a4854,WHI,0.25,0.047,77,0.99001,11.4,Cl1
a4855,WHI,0.35,0.041,79,0.99005,12.06666667,Cl2
a4856,WHI,0.23,0.058,172,0.99755,9,Cl2
a4857,WHI,0.23,0.058,172,0.99755,9,Cl2
a4858,WHI,0.38,0.043,116,0.99444,11.4,Cl2
a4859,WHI,0.35,0.055,177,0.99502,9.6,Cl1
a4860,WHI,0.43,0.045,118,0.99222,11,Cl2
a4861,WHI,0.52,0.046,119,0.99224,11,Cl2
a4862,WHI,0.31,0.027,102,0.99067,11.2,Cl2
a4863,WHI,0.22,0.052,86,0.99069,11.55,Cl2
a4864,WHI,0.36,0.036,92,0.98936,13.3,Cl2
a4865,WHI,0.41,0.066,148,0.99266,9.633333333,Cl1
a4866,WHI,0.355,0.046,95,0.98822,13.6,Cl2
a4867,WHI,0.41,0.048,112,0.99138,11.2,Cl2
a4868,WHI,0.6,0.031,60,0.98854,13,Cl2
a4869,WHI,0.23,0.046,124,0.99324,10.8,Cl2
a4870,WHI,0.24,0.032,81,0.99626,9.8,Cl2
a4871,WHI,0.32,0.021,132,0.99188,11.45,Cl2
a4872,WHI,0.2,0.015,98,0.9897,12.05,Cl2
a4873,WHI,0.42,0.032,179,0.99622,9.7,Cl1
a4874,WHI,0.21,0.03,122,0.99044,11.9,Cl2
a4875,WHI,0.2,0.048,125,0.99282,10,Cl2
a4876,WHI,0.22,0.035,97,0.99245,9.7,Cl2
a4877,WHI,0.38,0.038,117,0.99132,11.6,Cl2
a4878,WHI,0.54,0.032,82,0.99286,8.8,Cl1
a4879,WHI,0.53,0.035,81,0.99234,9.5,Cl1
a4880,WHI,0.34,0.046,170,0.99494,9.533333333,Cl2
a4881,WHI,0.34,0.046,170,0.99494,9.533333333,Cl2
a4882,WHI,0.235,0.03,118,0.9954,9.4,Cl2
a4883,WHI,0.32,0.037,156,0.99184,10.7,Cl1
a4884,WHI,0.47,0.035,148,0.98964,11.5,Cl2
a4885,WHI,0.33,0.048,174,0.99492,9.6,Cl1
a4886,WHI,0.34,0.046,170,0.99494,9.55,Cl2
a4887,WHI,0.21,0.028,121,0.99168,12.15,Cl2
a4888,WHI,0.41,0.023,56,0.98928,13,Cl2
a4889,WHI,0.22,0.052,127,0.9933,9.2,Cl1
a4890,WHI,0.235,0.03,118,0.9954,9.4,Cl2
a4891,WHI,0.34,0.036,100,0.98938,11.8,Cl2
a4892,WHI,0.21,0.038,121,0.99074,10.6,Cl2
a4893,WHI,0.23,0.032,112,0.99298,9.7,Cl1
a4894,WHI,0.21,0.039,92,0.99114,11.2,Cl2
a4895,WHI,0.32,0.047,168,0.9949,9.6,Cl1
a4896,WHI,0.24,0.041,111,0.99254,9.4,Cl2
a4897,WHI,0.29,0.022,110,0.98869,12.8,Cl2
a4898,WHI,0.21,0.02,98,0.98941,11.8,Cl2
